--------------------------------------------------------
--  파일이 생성됨 - 목요일-5월-23-2024   
--------------------------------------------------------
--------------------------------------------------------
--  DDL for Sequence FILENUM_SEQ
--------------------------------------------------------

   CREATE SEQUENCE  "CATWORK"."FILENUM_SEQ"  MINVALUE 1 MAXVALUE 9999999999999999999999999999 INCREMENT BY 1 START WITH 121 NOCACHE  NOORDER  NOCYCLE  NOKEEP  NOSCALE  GLOBAL ;
--------------------------------------------------------
--  DDL for Table ADMIN_TB
--------------------------------------------------------

  CREATE TABLE "CATWORK"."ADMIN_TB" 
   (	"ADMIN_IDX" NUMBER(20,0), 
	"USER_IDX" NUMBER(20,0), 
	"NAME" VARCHAR2(100 BYTE)
   ) SEGMENT CREATION IMMEDIATE 
  PCTFREE 10 PCTUSED 40 INITRANS 1 MAXTRANS 255 
 NOCOMPRESS LOGGING
  STORAGE(INITIAL 65536 NEXT 1048576 MINEXTENTS 1 MAXEXTENTS 2147483645
  PCTINCREASE 0 FREELISTS 1 FREELIST GROUPS 1
  BUFFER_POOL DEFAULT FLASH_CACHE DEFAULT CELL_FLASH_CACHE DEFAULT)
  TABLESPACE "USERS" ;
--------------------------------------------------------
--  DDL for Table APPLY_TB
--------------------------------------------------------

  CREATE TABLE "CATWORK"."APPLY_TB" 
   (	"APPLY_IDX" NUMBER(20,0), 
	"RESUME_IDX" NUMBER(20,0), 
	"POST_IDX" NUMBER(20,0), 
	"STATE" NUMBER(5,0), 
	"CREATED" DATE DEFAULT SYSDATE
   ) SEGMENT CREATION IMMEDIATE 
  PCTFREE 10 PCTUSED 40 INITRANS 1 MAXTRANS 255 
 NOCOMPRESS LOGGING
  STORAGE(INITIAL 65536 NEXT 1048576 MINEXTENTS 1 MAXEXTENTS 2147483645
  PCTINCREASE 0 FREELISTS 1 FREELIST GROUPS 1
  BUFFER_POOL DEFAULT FLASH_CACHE DEFAULT CELL_FLASH_CACHE DEFAULT)
  TABLESPACE "USERS" ;
--------------------------------------------------------
--  DDL for Table BCOMMENT_TB
--------------------------------------------------------

  CREATE TABLE "CATWORK"."BCOMMENT_TB" 
   (	"BCOMMENT_IDX" NUMBER(20,0), 
	"BOARD_IDX" NUMBER(20,0), 
	"USER_IDX" NUMBER(20,0), 
	"CONTENT" VARCHAR2(2000 BYTE), 
	"CREATED" DATE DEFAULT SYSDATE
   ) SEGMENT CREATION IMMEDIATE 
  PCTFREE 10 PCTUSED 40 INITRANS 1 MAXTRANS 255 
 NOCOMPRESS LOGGING
  STORAGE(INITIAL 65536 NEXT 1048576 MINEXTENTS 1 MAXEXTENTS 2147483645
  PCTINCREASE 0 FREELISTS 1 FREELIST GROUPS 1
  BUFFER_POOL DEFAULT FLASH_CACHE DEFAULT CELL_FLASH_CACHE DEFAULT)
  TABLESPACE "USERS" ;
--------------------------------------------------------
--  DDL for Table BOARD_TB
--------------------------------------------------------

  CREATE TABLE "CATWORK"."BOARD_TB" 
   (	"BOARD_IDX" NUMBER(20,0), 
	"USER_IDX" NUMBER(20,0), 
	"TITLE" VARCHAR2(1000 BYTE), 
	"CONTENT" VARCHAR2(2000 BYTE), 
	"CREATED" DATE DEFAULT SYSDATE, 
	"HIT" NUMBER(20,0) DEFAULT 0
   ) SEGMENT CREATION IMMEDIATE 
  PCTFREE 10 PCTUSED 40 INITRANS 1 MAXTRANS 255 
 NOCOMPRESS LOGGING
  STORAGE(INITIAL 65536 NEXT 1048576 MINEXTENTS 1 MAXEXTENTS 2147483645
  PCTINCREASE 0 FREELISTS 1 FREELIST GROUPS 1
  BUFFER_POOL DEFAULT FLASH_CACHE DEFAULT CELL_FLASH_CACHE DEFAULT)
  TABLESPACE "USERS" ;
--------------------------------------------------------
--  DDL for Table BOOKMARK_TB
--------------------------------------------------------

  CREATE TABLE "CATWORK"."BOOKMARK_TB" 
   (	"BOOK_IDX" NUMBER(20,0), 
	"USER_IDX" NUMBER(20,0), 
	"POST_IDX" NUMBER(20,0), 
	"BOOKMARK" NUMBER(1,0)
   ) SEGMENT CREATION IMMEDIATE 
  PCTFREE 10 PCTUSED 40 INITRANS 1 MAXTRANS 255 
 NOCOMPRESS LOGGING
  STORAGE(INITIAL 65536 NEXT 1048576 MINEXTENTS 1 MAXEXTENTS 2147483645
  PCTINCREASE 0 FREELISTS 1 FREELIST GROUPS 1
  BUFFER_POOL DEFAULT FLASH_CACHE DEFAULT CELL_FLASH_CACHE DEFAULT)
  TABLESPACE "USERS" ;
--------------------------------------------------------
--  DDL for Table CBOARD_TB
--------------------------------------------------------

  CREATE TABLE "CATWORK"."CBOARD_TB" 
   (	"CBOARD_IDX" NUMBER(20,0), 
	"USER_IDX" NUMBER(20,0), 
	"TITLE" VARCHAR2(1000 BYTE), 
	"CONTENT" VARCHAR2(2000 BYTE), 
	"CREATED" DATE DEFAULT SYSDATE, 
	"HIT" NUMBER(20,0) DEFAULT 0
   ) SEGMENT CREATION IMMEDIATE 
  PCTFREE 10 PCTUSED 40 INITRANS 1 MAXTRANS 255 
 NOCOMPRESS LOGGING
  STORAGE(INITIAL 65536 NEXT 1048576 MINEXTENTS 1 MAXEXTENTS 2147483645
  PCTINCREASE 0 FREELISTS 1 FREELIST GROUPS 1
  BUFFER_POOL DEFAULT FLASH_CACHE DEFAULT CELL_FLASH_CACHE DEFAULT)
  TABLESPACE "USERS" ;
--------------------------------------------------------
--  DDL for Table CCOMMENT_TB
--------------------------------------------------------

  CREATE TABLE "CATWORK"."CCOMMENT_TB" 
   (	"CCOMMENT_IDX" NUMBER(20,0), 
	"CBOARD_IDX" NUMBER(20,0), 
	"USER_IDX" NUMBER(20,0), 
	"CONTENT" VARCHAR2(2000 BYTE), 
	"CREATED" DATE DEFAULT SYSDATE
   ) SEGMENT CREATION IMMEDIATE 
  PCTFREE 10 PCTUSED 40 INITRANS 1 MAXTRANS 255 
 NOCOMPRESS LOGGING
  STORAGE(INITIAL 65536 NEXT 1048576 MINEXTENTS 1 MAXEXTENTS 2147483645
  PCTINCREASE 0 FREELISTS 1 FREELIST GROUPS 1
  BUFFER_POOL DEFAULT FLASH_CACHE DEFAULT CELL_FLASH_CACHE DEFAULT)
  TABLESPACE "USERS" ;
--------------------------------------------------------
--  DDL for Table COMPANY_TB
--------------------------------------------------------

  CREATE TABLE "CATWORK"."COMPANY_TB" 
   (	"COM_IDX" NUMBER(20,0), 
	"USER_IDX" NUMBER(20,0), 
	"NAME" VARCHAR2(100 BYTE), 
	"LOGO" VARCHAR2(2000 BYTE) DEFAULT '/img/baselogo.png', 
	"CNUM" NUMBER(20,0), 
	"REPRESENTATIVE" VARCHAR2(100 BYTE), 
	"ZIP_CODE" VARCHAR2(100 BYTE), 
	"ADDRESS" VARCHAR2(1000 BYTE), 
	"CTYPE" VARCHAR2(50 BYTE), 
	"BDATE" DATE, 
	"CREATED" DATE DEFAULT SYSDATE
   ) SEGMENT CREATION IMMEDIATE 
  PCTFREE 10 PCTUSED 40 INITRANS 1 MAXTRANS 255 
 NOCOMPRESS LOGGING
  STORAGE(INITIAL 65536 NEXT 1048576 MINEXTENTS 1 MAXEXTENTS 2147483645
  PCTINCREASE 0 FREELISTS 1 FREELIST GROUPS 1
  BUFFER_POOL DEFAULT FLASH_CACHE DEFAULT CELL_FLASH_CACHE DEFAULT)
  TABLESPACE "USERS" ;
--------------------------------------------------------
--  DDL for Table HBOARD_TB
--------------------------------------------------------

  CREATE TABLE "CATWORK"."HBOARD_TB" 
   (	"HBOARD_IDX" NUMBER(20,0), 
	"USER_IDX" NUMBER(20,0), 
	"TITLE" VARCHAR2(1000 BYTE), 
	"CONTENT" VARCHAR2(2000 BYTE), 
	"CREATED" DATE DEFAULT SYSDATE, 
	"HIT" NUMBER(20,0) DEFAULT 0
   ) SEGMENT CREATION IMMEDIATE 
  PCTFREE 10 PCTUSED 40 INITRANS 1 MAXTRANS 255 
 NOCOMPRESS LOGGING
  STORAGE(INITIAL 65536 NEXT 1048576 MINEXTENTS 1 MAXEXTENTS 2147483645
  PCTINCREASE 0 FREELISTS 1 FREELIST GROUPS 1
  BUFFER_POOL DEFAULT FLASH_CACHE DEFAULT CELL_FLASH_CACHE DEFAULT)
  TABLESPACE "USERS" ;
--------------------------------------------------------
--  DDL for Table HCOMMENT_TB
--------------------------------------------------------

  CREATE TABLE "CATWORK"."HCOMMENT_TB" 
   (	"HCOMMENT_IDX" NUMBER(20,0), 
	"HBOARD_IDX" NUMBER(20,0), 
	"USER_IDX" NUMBER(20,0), 
	"CONTENT" VARCHAR2(2000 BYTE), 
	"CREATED" DATE DEFAULT SYSDATE
   ) SEGMENT CREATION IMMEDIATE 
  PCTFREE 10 PCTUSED 40 INITRANS 1 MAXTRANS 255 
 NOCOMPRESS LOGGING
  STORAGE(INITIAL 65536 NEXT 1048576 MINEXTENTS 1 MAXEXTENTS 2147483645
  PCTINCREASE 0 FREELISTS 1 FREELIST GROUPS 1
  BUFFER_POOL DEFAULT FLASH_CACHE DEFAULT CELL_FLASH_CACHE DEFAULT)
  TABLESPACE "USERS" ;
--------------------------------------------------------
--  DDL for Table PERSON_TB
--------------------------------------------------------

  CREATE TABLE "CATWORK"."PERSON_TB" 
   (	"PER_IDX" NUMBER(20,0), 
	"USER_IDX" NUMBER(20,0), 
	"NAME" VARCHAR2(100 BYTE), 
	"PHONE" VARCHAR2(20 BYTE), 
	"ZIP_CODE" VARCHAR2(100 BYTE), 
	"ADDRESS" VARCHAR2(1000 BYTE), 
	"SOCIAL_NUM" VARCHAR2(100 BYTE), 
	"CREATED" DATE DEFAULT SYSDATE
   ) SEGMENT CREATION IMMEDIATE 
  PCTFREE 10 PCTUSED 40 INITRANS 1 MAXTRANS 255 
 NOCOMPRESS LOGGING
  STORAGE(INITIAL 65536 NEXT 1048576 MINEXTENTS 1 MAXEXTENTS 2147483645
  PCTINCREASE 0 FREELISTS 1 FREELIST GROUPS 1
  BUFFER_POOL DEFAULT FLASH_CACHE DEFAULT CELL_FLASH_CACHE DEFAULT)
  TABLESPACE "USERS" ;
--------------------------------------------------------
--  DDL for Table POST_SKILL_TB
--------------------------------------------------------

  CREATE TABLE "CATWORK"."POST_SKILL_TB" 
   (	"POSKILL_IDX" NUMBER(20,0), 
	"POST_IDX" NUMBER(20,0), 
	"SKILL_IDX" NUMBER(20,0)
   ) SEGMENT CREATION IMMEDIATE 
  PCTFREE 10 PCTUSED 40 INITRANS 1 MAXTRANS 255 
 NOCOMPRESS LOGGING
  STORAGE(INITIAL 65536 NEXT 1048576 MINEXTENTS 1 MAXEXTENTS 2147483645
  PCTINCREASE 0 FREELISTS 1 FREELIST GROUPS 1
  BUFFER_POOL DEFAULT FLASH_CACHE DEFAULT CELL_FLASH_CACHE DEFAULT)
  TABLESPACE "USERS" ;
--------------------------------------------------------
--  DDL for Table POST_TB
--------------------------------------------------------

  CREATE TABLE "CATWORK"."POST_TB" 
   (	"POST_IDX" NUMBER(20,0), 
	"USER_IDX" NUMBER(20,0), 
	"TITLE" VARCHAR2(100 BYTE), 
	"CAREER" VARCHAR2(50 BYTE), 
	"GOWORK" VARCHAR2(100 BYTE), 
	"GOHOME" VARCHAR2(100 BYTE), 
	"SALARY" VARCHAR2(100 BYTE), 
	"DEADLINE" DATE, 
	"INTRO" VARCHAR2(2000 BYTE), 
	"EXPLAIN" VARCHAR2(2000 BYTE), 
	"MANAGER" VARCHAR2(100 BYTE), 
	"MPHONE" VARCHAR2(100 BYTE), 
	"CREATED" DATE DEFAULT SYSDATE, 
	"JOBTYPE" VARCHAR2(50 BYTE), 
	"DEPARTMENT" VARCHAR2(50 BYTE)
   ) SEGMENT CREATION IMMEDIATE 
  PCTFREE 10 PCTUSED 40 INITRANS 1 MAXTRANS 255 
 NOCOMPRESS LOGGING
  STORAGE(INITIAL 65536 NEXT 1048576 MINEXTENTS 1 MAXEXTENTS 2147483645
  PCTINCREASE 0 FREELISTS 1 FREELIST GROUPS 1
  BUFFER_POOL DEFAULT FLASH_CACHE DEFAULT CELL_FLASH_CACHE DEFAULT)
  TABLESPACE "USERS" ;
--------------------------------------------------------
--  DDL for Table RATE_TB
--------------------------------------------------------

  CREATE TABLE "CATWORK"."RATE_TB" 
   (	"RATE_IDX" NUMBER(20,0), 
	"PER_IDX" NUMBER(20,0), 
	"COM_IDX" NUMBER(20,0), 
	"RATING" NUMBER(2,0), 
	"CREATED" DATE DEFAULT SYSDATE
   ) SEGMENT CREATION IMMEDIATE 
  PCTFREE 10 PCTUSED 40 INITRANS 1 MAXTRANS 255 
 NOCOMPRESS LOGGING
  STORAGE(INITIAL 65536 NEXT 1048576 MINEXTENTS 1 MAXEXTENTS 2147483645
  PCTINCREASE 0 FREELISTS 1 FREELIST GROUPS 1
  BUFFER_POOL DEFAULT FLASH_CACHE DEFAULT CELL_FLASH_CACHE DEFAULT)
  TABLESPACE "USERS" ;
--------------------------------------------------------
--  DDL for Table RESUME_SKILL_TB
--------------------------------------------------------

  CREATE TABLE "CATWORK"."RESUME_SKILL_TB" 
   (	"RESKILL_IDX" NUMBER(20,0), 
	"RESUME_IDX" NUMBER(20,0), 
	"SKILL_IDX" NUMBER(20,0)
   ) SEGMENT CREATION IMMEDIATE 
  PCTFREE 10 PCTUSED 40 INITRANS 1 MAXTRANS 255 
 NOCOMPRESS LOGGING
  STORAGE(INITIAL 65536 NEXT 1048576 MINEXTENTS 1 MAXEXTENTS 2147483645
  PCTINCREASE 0 FREELISTS 1 FREELIST GROUPS 1
  BUFFER_POOL DEFAULT FLASH_CACHE DEFAULT CELL_FLASH_CACHE DEFAULT)
  TABLESPACE "USERS" ;
--------------------------------------------------------
--  DDL for Table RESUME_TB
--------------------------------------------------------

  CREATE TABLE "CATWORK"."RESUME_TB" 
   (	"RESUME_IDX" NUMBER(20,0), 
	"USER_IDX" NUMBER(20,0), 
	"TITLE" VARCHAR2(200 BYTE), 
	"IMAGE" VARCHAR2(400 BYTE) DEFAULT '/img/baseprofile.png', 
	"LINK" VARCHAR2(400 BYTE), 
	"INTRO" VARCHAR2(4000 BYTE), 
	"CREATED" DATE DEFAULT SYSDATE, 
	"TYPE" NUMBER(2,0)
   ) SEGMENT CREATION IMMEDIATE 
  PCTFREE 10 PCTUSED 40 INITRANS 1 MAXTRANS 255 
 NOCOMPRESS LOGGING
  STORAGE(INITIAL 65536 NEXT 1048576 MINEXTENTS 1 MAXEXTENTS 2147483645
  PCTINCREASE 0 FREELISTS 1 FREELIST GROUPS 1
  BUFFER_POOL DEFAULT FLASH_CACHE DEFAULT CELL_FLASH_CACHE DEFAULT)
  TABLESPACE "USERS" ;
--------------------------------------------------------
--  DDL for Table SKILL_TB
--------------------------------------------------------

  CREATE TABLE "CATWORK"."SKILL_TB" 
   (	"SKILL_IDX" NUMBER(20,0), 
	"NAME" VARCHAR2(50 BYTE)
   ) SEGMENT CREATION IMMEDIATE 
  PCTFREE 10 PCTUSED 40 INITRANS 1 MAXTRANS 255 
 NOCOMPRESS LOGGING
  STORAGE(INITIAL 65536 NEXT 1048576 MINEXTENTS 1 MAXEXTENTS 2147483645
  PCTINCREASE 0 FREELISTS 1 FREELIST GROUPS 1
  BUFFER_POOL DEFAULT FLASH_CACHE DEFAULT CELL_FLASH_CACHE DEFAULT)
  TABLESPACE "USERS" ;
--------------------------------------------------------
--  DDL for Table STATE_TB
--------------------------------------------------------

  CREATE TABLE "CATWORK"."STATE_TB" 
   (	"STATE_IDX" NUMBER(20,0), 
	"RESUME_IDX" NUMBER(20,0), 
	"APPLY_IDX" NUMBER(20,0), 
	"SCORE" NUMBER(10,0), 
	"COMMENTS" VARCHAR2(1000 BYTE), 
	"USER_IDX" NUMBER(20,0)
   ) SEGMENT CREATION IMMEDIATE 
  PCTFREE 10 PCTUSED 40 INITRANS 1 MAXTRANS 255 
 NOCOMPRESS LOGGING
  STORAGE(INITIAL 65536 NEXT 1048576 MINEXTENTS 1 MAXEXTENTS 2147483645
  PCTINCREASE 0 FREELISTS 1 FREELIST GROUPS 1
  BUFFER_POOL DEFAULT FLASH_CACHE DEFAULT CELL_FLASH_CACHE DEFAULT)
  TABLESPACE "USERS" ;
--------------------------------------------------------
--  DDL for Table USER_FAQ_TB
--------------------------------------------------------

  CREATE TABLE "CATWORK"."USER_FAQ_TB" 
   (	"Q_IDX" NUMBER(8,0), 
	"TYPE" NUMBER(8,0), 
	"QUESTION" VARCHAR2(4000 BYTE), 
	"ANSWER" VARCHAR2(4000 BYTE)
   ) SEGMENT CREATION IMMEDIATE 
  PCTFREE 10 PCTUSED 40 INITRANS 1 MAXTRANS 255 
 NOCOMPRESS LOGGING
  STORAGE(INITIAL 65536 NEXT 1048576 MINEXTENTS 1 MAXEXTENTS 2147483645
  PCTINCREASE 0 FREELISTS 1 FREELIST GROUPS 1
  BUFFER_POOL DEFAULT FLASH_CACHE DEFAULT CELL_FLASH_CACHE DEFAULT)
  TABLESPACE "USERS" ;
--------------------------------------------------------
--  DDL for Table USER_TB
--------------------------------------------------------

  CREATE TABLE "CATWORK"."USER_TB" 
   (	"USER_IDX" NUMBER(20,0), 
	"ID" VARCHAR2(50 BYTE), 
	"PWD" VARCHAR2(50 BYTE), 
	"TYPE" NUMBER(1,0), 
	"EMAIL" VARCHAR2(150 BYTE)
   ) SEGMENT CREATION IMMEDIATE 
  PCTFREE 10 PCTUSED 40 INITRANS 1 MAXTRANS 255 
 NOCOMPRESS LOGGING
  STORAGE(INITIAL 65536 NEXT 1048576 MINEXTENTS 1 MAXEXTENTS 2147483645
  PCTINCREASE 0 FREELISTS 1 FREELIST GROUPS 1
  BUFFER_POOL DEFAULT FLASH_CACHE DEFAULT CELL_FLASH_CACHE DEFAULT)
  TABLESPACE "USERS" ;
REM INSERTING into CATWORK.ADMIN_TB
SET DEFINE OFF;
Insert into CATWORK.ADMIN_TB (ADMIN_IDX,USER_IDX,NAME) values (1,1,'관리자1');
Insert into CATWORK.ADMIN_TB (ADMIN_IDX,USER_IDX,NAME) values (2,2,'관리자2');
Insert into CATWORK.ADMIN_TB (ADMIN_IDX,USER_IDX,NAME) values (3,3,'관리자3');
Insert into CATWORK.ADMIN_TB (ADMIN_IDX,USER_IDX,NAME) values (4,4,'관리자4');
REM INSERTING into CATWORK.APPLY_TB
SET DEFINE OFF;
Insert into CATWORK.APPLY_TB (APPLY_IDX,RESUME_IDX,POST_IDX,STATE,CREATED) values (1,2,20,1,to_date('24/05/22','RR/MM/DD'));
Insert into CATWORK.APPLY_TB (APPLY_IDX,RESUME_IDX,POST_IDX,STATE,CREATED) values (11,11,1,1,to_date('24/05/23','RR/MM/DD'));
Insert into CATWORK.APPLY_TB (APPLY_IDX,RESUME_IDX,POST_IDX,STATE,CREATED) values (12,12,1,1,to_date('24/05/23','RR/MM/DD'));
Insert into CATWORK.APPLY_TB (APPLY_IDX,RESUME_IDX,POST_IDX,STATE,CREATED) values (13,13,1,1,to_date('24/05/23','RR/MM/DD'));
Insert into CATWORK.APPLY_TB (APPLY_IDX,RESUME_IDX,POST_IDX,STATE,CREATED) values (14,14,1,1,to_date('24/05/23','RR/MM/DD'));
Insert into CATWORK.APPLY_TB (APPLY_IDX,RESUME_IDX,POST_IDX,STATE,CREATED) values (15,11,2,1,to_date('24/05/23','RR/MM/DD'));
Insert into CATWORK.APPLY_TB (APPLY_IDX,RESUME_IDX,POST_IDX,STATE,CREATED) values (16,12,2,2,to_date('24/05/23','RR/MM/DD'));
Insert into CATWORK.APPLY_TB (APPLY_IDX,RESUME_IDX,POST_IDX,STATE,CREATED) values (17,14,2,1,to_date('24/05/23','RR/MM/DD'));
Insert into CATWORK.APPLY_TB (APPLY_IDX,RESUME_IDX,POST_IDX,STATE,CREATED) values (18,15,2,0,to_date('24/05/23','RR/MM/DD'));
Insert into CATWORK.APPLY_TB (APPLY_IDX,RESUME_IDX,POST_IDX,STATE,CREATED) values (19,8,21,0,to_date('24/05/23','RR/MM/DD'));
Insert into CATWORK.APPLY_TB (APPLY_IDX,RESUME_IDX,POST_IDX,STATE,CREATED) values (20,3,28,0,to_date('24/05/23','RR/MM/DD'));
Insert into CATWORK.APPLY_TB (APPLY_IDX,RESUME_IDX,POST_IDX,STATE,CREATED) values (2,2,42,1,to_date('24/05/22','RR/MM/DD'));
Insert into CATWORK.APPLY_TB (APPLY_IDX,RESUME_IDX,POST_IDX,STATE,CREATED) values (4,6,41,0,to_date('24/05/22','RR/MM/DD'));
Insert into CATWORK.APPLY_TB (APPLY_IDX,RESUME_IDX,POST_IDX,STATE,CREATED) values (5,6,22,0,to_date('24/05/22','RR/MM/DD'));
Insert into CATWORK.APPLY_TB (APPLY_IDX,RESUME_IDX,POST_IDX,STATE,CREATED) values (3,3,26,0,to_date('24/05/22','RR/MM/DD'));
Insert into CATWORK.APPLY_TB (APPLY_IDX,RESUME_IDX,POST_IDX,STATE,CREATED) values (6,7,34,0,to_date('24/05/22','RR/MM/DD'));
Insert into CATWORK.APPLY_TB (APPLY_IDX,RESUME_IDX,POST_IDX,STATE,CREATED) values (7,8,27,0,to_date('24/05/22','RR/MM/DD'));
Insert into CATWORK.APPLY_TB (APPLY_IDX,RESUME_IDX,POST_IDX,STATE,CREATED) values (8,9,15,0,to_date('24/05/22','RR/MM/DD'));
Insert into CATWORK.APPLY_TB (APPLY_IDX,RESUME_IDX,POST_IDX,STATE,CREATED) values (9,7,33,0,to_date('24/05/22','RR/MM/DD'));
Insert into CATWORK.APPLY_TB (APPLY_IDX,RESUME_IDX,POST_IDX,STATE,CREATED) values (10,3,36,0,to_date('24/05/22','RR/MM/DD'));
REM INSERTING into CATWORK.BCOMMENT_TB
SET DEFINE OFF;
Insert into CATWORK.BCOMMENT_TB (BCOMMENT_IDX,BOARD_IDX,USER_IDX,CONTENT,CREATED) values (3,3,25,'아니지',to_date('24/05/23','RR/MM/DD'));
Insert into CATWORK.BCOMMENT_TB (BCOMMENT_IDX,BOARD_IDX,USER_IDX,CONTENT,CREATED) values (1,3,25,'댓글
',to_date('24/05/23','RR/MM/DD'));
Insert into CATWORK.BCOMMENT_TB (BCOMMENT_IDX,BOARD_IDX,USER_IDX,CONTENT,CREATED) values (2,3,25,'댓글을 길게 쓸 수도 있지',to_date('24/05/23','RR/MM/DD'));
REM INSERTING into CATWORK.BOARD_TB
SET DEFINE OFF;
Insert into CATWORK.BOARD_TB (BOARD_IDX,USER_IDX,TITLE,CONTENT,CREATED,HIT) values (2,5,'안녕하세요','반갑습니다',to_date('24/05/23','RR/MM/DD'),0);
Insert into CATWORK.BOARD_TB (BOARD_IDX,USER_IDX,TITLE,CONTENT,CREATED,HIT) values (3,25,'인사드립니다','ㅁㄴㅇㄹ',to_date('24/05/23','RR/MM/DD'),4);
Insert into CATWORK.BOARD_TB (BOARD_IDX,USER_IDX,TITLE,CONTENT,CREATED,HIT) values (4,26,'안녕','ㅁㄴㅇㄹ',to_date('24/05/23','RR/MM/DD'),1);
Insert into CATWORK.BOARD_TB (BOARD_IDX,USER_IDX,TITLE,CONTENT,CREATED,HIT) values (1,1,'자유게시판 첫글','ㄴ미아러ㅗ;밍ㄴㄹ',to_date('24/05/22','RR/MM/DD'),4);
REM INSERTING into CATWORK.BOOKMARK_TB
SET DEFINE OFF;
Insert into CATWORK.BOOKMARK_TB (BOOK_IDX,USER_IDX,POST_IDX,BOOKMARK) values (21,46,35,1);
Insert into CATWORK.BOOKMARK_TB (BOOK_IDX,USER_IDX,POST_IDX,BOOKMARK) values (25,46,26,1);
Insert into CATWORK.BOOKMARK_TB (BOOK_IDX,USER_IDX,POST_IDX,BOOKMARK) values (26,46,36,1);
Insert into CATWORK.BOOKMARK_TB (BOOK_IDX,USER_IDX,POST_IDX,BOOKMARK) values (23,46,8,1);
Insert into CATWORK.BOOKMARK_TB (BOOK_IDX,USER_IDX,POST_IDX,BOOKMARK) values (27,46,21,1);
Insert into CATWORK.BOOKMARK_TB (BOOK_IDX,USER_IDX,POST_IDX,BOOKMARK) values (28,46,40,1);
Insert into CATWORK.BOOKMARK_TB (BOOK_IDX,USER_IDX,POST_IDX,BOOKMARK) values (29,46,41,1);
Insert into CATWORK.BOOKMARK_TB (BOOK_IDX,USER_IDX,POST_IDX,BOOKMARK) values (30,48,40,1);
Insert into CATWORK.BOOKMARK_TB (BOOK_IDX,USER_IDX,POST_IDX,BOOKMARK) values (31,25,42,1);
Insert into CATWORK.BOOKMARK_TB (BOOK_IDX,USER_IDX,POST_IDX,BOOKMARK) values (1,25,20,1);
Insert into CATWORK.BOOKMARK_TB (BOOK_IDX,USER_IDX,POST_IDX,BOOKMARK) values (7,25,8,1);
Insert into CATWORK.BOOKMARK_TB (BOOK_IDX,USER_IDX,POST_IDX,BOOKMARK) values (8,25,21,1);
REM INSERTING into CATWORK.CBOARD_TB
SET DEFINE OFF;
Insert into CATWORK.CBOARD_TB (CBOARD_IDX,USER_IDX,TITLE,CONTENT,CREATED,HIT) values (2,26,'질문있습니다','ㅁㄴㅇㄹ',to_date('24/05/23','RR/MM/DD'),3);
Insert into CATWORK.CBOARD_TB (CBOARD_IDX,USER_IDX,TITLE,CONTENT,CREATED,HIT) values (3,27,'채용관련 질문있습니다','ㅁㄴㅇㄹ',to_date('24/05/23','RR/MM/DD'),0);
Insert into CATWORK.CBOARD_TB (CBOARD_IDX,USER_IDX,TITLE,CONTENT,CREATED,HIT) values (4,29,'삼성기업 질문있습니다','ㅁㄴㅇㄹ',to_date('24/05/23','RR/MM/DD'),0);
Insert into CATWORK.CBOARD_TB (CBOARD_IDX,USER_IDX,TITLE,CONTENT,CREATED,HIT) values (5,31,'삼성기업 몇명 뽑습니까?','개발자 부문 몇명뽑아요?',to_date('24/05/23','RR/MM/DD'),2);
REM INSERTING into CATWORK.CCOMMENT_TB
SET DEFINE OFF;
Insert into CATWORK.CCOMMENT_TB (CCOMMENT_IDX,CBOARD_IDX,USER_IDX,CONTENT,CREATED) values (1,2,25,'asdf',to_date('24/05/23','RR/MM/DD'));
Insert into CATWORK.CCOMMENT_TB (CCOMMENT_IDX,CBOARD_IDX,USER_IDX,CONTENT,CREATED) values (2,5,5,'3명 입니다 많은 지원 바랍니다',to_date('24/05/23','RR/MM/DD'));
REM INSERTING into CATWORK.COMPANY_TB
SET DEFINE OFF;
Insert into CATWORK.COMPANY_TB (COM_IDX,USER_IDX,NAME,LOGO,CNUM,REPRESENTATIVE,ZIP_CODE,ADDRESS,CTYPE,BDATE,CREATED) values (21,47,'12342','/img/20240523_companylogin.png',1234,'1234','30053','세종특별자치시 장군면 무넘이길 4,asdf','대기업',to_date('24/05/25','RR/MM/DD'),to_date('24/05/23','RR/MM/DD'));
Insert into CATWORK.COMPANY_TB (COM_IDX,USER_IDX,NAME,LOGO,CNUM,REPRESENTATIVE,ZIP_CODE,ADDRESS,CTYPE,BDATE,CREATED) values (1,5,'삼성전자','/img/Samsung_Electronics.svg',59300,'한종희','16677','경기도 수원시 영통구 삼성로 129 (매탄동)','대기업',to_date('69/01/13','RR/MM/DD'),to_date('24/05/22','RR/MM/DD'));
Insert into CATWORK.COMPANY_TB (COM_IDX,USER_IDX,NAME,LOGO,CNUM,REPRESENTATIVE,ZIP_CODE,ADDRESS,CTYPE,BDATE,CREATED) values (2,6,'삼성생명','/img/Samsung_Life_Insurance.svg',32830,'전영묵','06620','서울특별시 서초구 서초대로74길 11 (서초동, 삼성타운)','대기업',to_date('57/04/24','RR/MM/DD'),to_date('24/05/22','RR/MM/DD'));
Insert into CATWORK.COMPANY_TB (COM_IDX,USER_IDX,NAME,LOGO,CNUM,REPRESENTATIVE,ZIP_CODE,ADDRESS,CTYPE,BDATE,CREATED) values (3,7,'한국전력공사','/img/Korea_Electric_Power_Corporation.svg',15760,'김동철','58322','전남 나주시 전력로 55 (빛가람동)','시장형 공기업',to_date('82/01/01','RR/MM/DD'),to_date('24/05/22','RR/MM/DD'));
Insert into CATWORK.COMPANY_TB (COM_IDX,USER_IDX,NAME,LOGO,CNUM,REPRESENTATIVE,ZIP_CODE,ADDRESS,CTYPE,BDATE,CREATED) values (4,8,'한화생명','/img/Hanwha_Life.svg',88350,'여승주','07345','서울특별시 영등포구 63로 50 (여의도동)','대기업',to_date('46/09/09','RR/MM/DD'),to_date('24/05/22','RR/MM/DD'));
Insert into CATWORK.COMPANY_TB (COM_IDX,USER_IDX,NAME,LOGO,CNUM,REPRESENTATIVE,ZIP_CODE,ADDRESS,CTYPE,BDATE,CREATED) values (5,9,'SK하이닉스','/img/SK_hynix.svg',660,'곽노정','17336','경기도 이천시 부발읍 경충대로 2091 (아미리)','대기업',to_date('83/10/10','RR/MM/DD'),to_date('24/05/22','RR/MM/DD'));
Insert into CATWORK.COMPANY_TB (COM_IDX,USER_IDX,NAME,LOGO,CNUM,REPRESENTATIVE,ZIP_CODE,ADDRESS,CTYPE,BDATE,CREATED) values (6,10,'미래에셋증권','/img/Mirae_Asset.svg',6800,'김미섭, 허선호','04539','서울특별시 중구 을지로5길 26(수하동)','대기업',to_date('70/09/23','RR/MM/DD'),to_date('24/05/22','RR/MM/DD'));
Insert into CATWORK.COMPANY_TB (COM_IDX,USER_IDX,NAME,LOGO,CNUM,REPRESENTATIVE,ZIP_CODE,ADDRESS,CTYPE,BDATE,CREATED) values (7,11,'현대자동차','/img/HYUNDAI_MOTOR.png',5380,'정의선, 장재훈, 이동석','06797','서울특별시 서초구 헌릉로 12','대기업',to_date('67/12/29','RR/MM/DD'),to_date('24/05/22','RR/MM/DD'));
Insert into CATWORK.COMPANY_TB (COM_IDX,USER_IDX,NAME,LOGO,CNUM,REPRESENTATIVE,ZIP_CODE,ADDRESS,CTYPE,BDATE,CREATED) values (8,12,'삼성화재해상보험','/img/Samsung_Fire.svg',810,'이문화','06620','서울특별시 서초구 서초대로74길 14 (서초동)','대기업',to_date('52/01/26','RR/MM/DD'),to_date('24/05/22','RR/MM/DD'));
Insert into CATWORK.COMPANY_TB (COM_IDX,USER_IDX,NAME,LOGO,CNUM,REPRESENTATIVE,ZIP_CODE,ADDRESS,CTYPE,BDATE,CREATED) values (9,13,'한국가스공사','/img/Korea_Gas.svg',36460,'최연혜','41062','대구광역시 동구 첨단로 120 (신서동)','시장형 공기업',to_date('83/08/18','RR/MM/DD'),to_date('24/05/22','RR/MM/DD'));
Insert into CATWORK.COMPANY_TB (COM_IDX,USER_IDX,NAME,LOGO,CNUM,REPRESENTATIVE,ZIP_CODE,ADDRESS,CTYPE,BDATE,CREATED) values (10,14,'NH투자증권','/img/NH_INVESTMENT&SECURITIES.svg',5940,'윤병운','07335','서울특별시 영등포구 여의대로 108 (여의도동)','대기업',to_date('69/01/16','RR/MM/DD'),to_date('24/05/22','RR/MM/DD'));
Insert into CATWORK.COMPANY_TB (COM_IDX,USER_IDX,NAME,LOGO,CNUM,REPRESENTATIVE,ZIP_CODE,ADDRESS,CTYPE,BDATE,CREATED) values (11,15,'기아','/img/KIA.png',270,'송호성','06797','서울특별시 서초구 헌릉로 12 (양재동)','대기업',to_date('44/12/11','RR/MM/DD'),to_date('24/05/22','RR/MM/DD'));
Insert into CATWORK.COMPANY_TB (COM_IDX,USER_IDX,NAME,LOGO,CNUM,REPRESENTATIVE,ZIP_CODE,ADDRESS,CTYPE,BDATE,CREATED) values (12,16,'POSCO홀딩스','/img/POSCO_HOLDINGS.svg',5490,'장인화','37859','경상북도 포항시 남구 동해안로 6261(괴동동)','대기업',to_date('68/04/01','RR/MM/DD'),to_date('24/05/22','RR/MM/DD'));
Insert into CATWORK.COMPANY_TB (COM_IDX,USER_IDX,NAME,LOGO,CNUM,REPRESENTATIVE,ZIP_CODE,ADDRESS,CTYPE,BDATE,CREATED) values (13,17,'삼성증권','/img/Samsung_Securities.svg',16360,'이종완','06620','서울특별시 서초구 서초대로74길 11 (서초동, 삼성타운)','대기업',to_date('83/10/19','RR/MM/DD'),to_date('24/05/22','RR/MM/DD'));
Insert into CATWORK.COMPANY_TB (COM_IDX,USER_IDX,NAME,LOGO,CNUM,REPRESENTATIVE,ZIP_CODE,ADDRESS,CTYPE,BDATE,CREATED) values (14,18,'DB손해보험','/img/DB_INSURANCE.svg',5830,'정종표','06194','서울특별시 강남구 테헤란로 432 (대치동)','대기업',to_date('62/03/02','RR/MM/DD'),to_date('24/05/22','RR/MM/DD'));
Insert into CATWORK.COMPANY_TB (COM_IDX,USER_IDX,NAME,LOGO,CNUM,REPRESENTATIVE,ZIP_CODE,ADDRESS,CTYPE,BDATE,CREATED) values (15,19,'삼성물산','/img/SAMSUNG_C&T.svg',28260,'이재언, 오세철, 한승환','05288','서울특별시 강동구 상일로6길 26 (상일동)','대기업',to_date('63/12/23','RR/MM/DD'),to_date('24/05/22','RR/MM/DD'));
Insert into CATWORK.COMPANY_TB (COM_IDX,USER_IDX,NAME,LOGO,CNUM,REPRESENTATIVE,ZIP_CODE,ADDRESS,CTYPE,BDATE,CREATED) values (16,20,'현대해상','/img/Hyundai_Marine.svg',1450,'정몽윤','03183','서울특별시 종로구 세종대로 163 (세종로)','준대기업',to_date('55/03/05','RR/MM/DD'),to_date('24/05/22','RR/MM/DD'));
Insert into CATWORK.COMPANY_TB (COM_IDX,USER_IDX,NAME,LOGO,CNUM,REPRESENTATIVE,ZIP_CODE,ADDRESS,CTYPE,BDATE,CREATED) values (17,21,'키움증권','/img/KIWOOM_Securities.svg',39490,'황현순','07331','서울특별시 영등포구 여의나루로4길 18(여의도동)','대기업',to_date('00/01/31','RR/MM/DD'),to_date('24/05/22','RR/MM/DD'));
Insert into CATWORK.COMPANY_TB (COM_IDX,USER_IDX,NAME,LOGO,CNUM,REPRESENTATIVE,ZIP_CODE,ADDRESS,CTYPE,BDATE,CREATED) values (18,22,'시그니엘 부산','/img/SIGNIEL.svg',941110,'김태홍','48099','부산 해운대구 달맞이길 30','대기업',to_date('17/04/03','RR/MM/DD'),to_date('24/05/22','RR/MM/DD'));
Insert into CATWORK.COMPANY_TB (COM_IDX,USER_IDX,NAME,LOGO,CNUM,REPRESENTATIVE,ZIP_CODE,ADDRESS,CTYPE,BDATE,CREATED) values (19,23,'한국철도공사','/img/KORAIL.png',221224,'한문희','34618','대전광역시 동구 중앙로 240 (소제동, 철도기관 공동사옥)','준시장형 공기업',to_date('05/01/01','RR/MM/DD'),to_date('24/05/22','RR/MM/DD'));
Insert into CATWORK.COMPANY_TB (COM_IDX,USER_IDX,NAME,LOGO,CNUM,REPRESENTATIVE,ZIP_CODE,ADDRESS,CTYPE,BDATE,CREATED) values (20,24,'에스에스라이트','/img/SSLIGHT.png',444547,'조정진','16252','경기도 수원시 팔달구 정조로 865 (신풍동)','중소기업',to_date('07/01/10','RR/MM/DD'),to_date('24/05/22','RR/MM/DD'));
REM INSERTING into CATWORK.HBOARD_TB
SET DEFINE OFF;
Insert into CATWORK.HBOARD_TB (HBOARD_IDX,USER_IDX,TITLE,CONTENT,CREATED,HIT) values (3,5,'채용 공고 등록시 질문있습니다','등록이 안됩니다',to_date('24/05/23','RR/MM/DD'),2);
Insert into CATWORK.HBOARD_TB (HBOARD_IDX,USER_IDX,TITLE,CONTENT,CREATED,HIT) values (4,5,'회원 수정이 안됩니다','부탁드려요',to_date('24/05/23','RR/MM/DD'),0);
Insert into CATWORK.HBOARD_TB (HBOARD_IDX,USER_IDX,TITLE,CONTENT,CREATED,HIT) values (5,30,'회원수정이 안됩니다','ㅁㄴㅇㄹ',to_date('24/05/23','RR/MM/DD'),0);
Insert into CATWORK.HBOARD_TB (HBOARD_IDX,USER_IDX,TITLE,CONTENT,CREATED,HIT) values (2,25,'안녕2','안녕2',to_date('24/05/23','RR/MM/DD'),8);
REM INSERTING into CATWORK.HCOMMENT_TB
SET DEFINE OFF;
Insert into CATWORK.HCOMMENT_TB (HCOMMENT_IDX,HBOARD_IDX,USER_IDX,CONTENT,CREATED) values (1,3,1,'자주묻는 질문 탭을 이용해주세요',to_date('24/05/23','RR/MM/DD'));
REM INSERTING into CATWORK.PERSON_TB
SET DEFINE OFF;
Insert into CATWORK.PERSON_TB (PER_IDX,USER_IDX,NAME,PHONE,ZIP_CODE,ADDRESS,SOCIAL_NUM,CREATED) values (21,45,'1234','010-2332-2211','03098','서울 종로구 종로6가 12-6, 변경된 주소','123123-1231231',to_date('24/05/23','RR/MM/DD'));
Insert into CATWORK.PERSON_TB (PER_IDX,USER_IDX,NAME,PHONE,ZIP_CODE,ADDRESS,SOCIAL_NUM,CREATED) values (1,25,'문시훈','010-1616-3881','06365','서울 강남구 밤고개로34길 7, 변경된 주소','980713-1717347',to_date('24/05/22','RR/MM/DD'));
Insert into CATWORK.PERSON_TB (PER_IDX,USER_IDX,NAME,PHONE,ZIP_CODE,ADDRESS,SOCIAL_NUM,CREATED) values (2,26,'홍미경','010-0038-5140','24827','강원도 속초시 중동능선길 23(동명동)','060301-3886522',to_date('24/05/22','RR/MM/DD'));
Insert into CATWORK.PERSON_TB (PER_IDX,USER_IDX,NAME,PHONE,ZIP_CODE,ADDRESS,SOCIAL_NUM,CREATED) values (3,27,'문민우','010-3292-6894','25013','강원도 양양군 양양읍 정손길 60(진수산보세창고)','061211-4438435',to_date('24/05/22','RR/MM/DD'));
Insert into CATWORK.PERSON_TB (PER_IDX,USER_IDX,NAME,PHONE,ZIP_CODE,ADDRESS,SOCIAL_NUM,CREATED) values (4,28,'추승현','010-3987-0497','50242','경남 합천군 율곡면 노양4길 4-13','030206-3225712',to_date('24/05/22','RR/MM/DD'));
Insert into CATWORK.PERSON_TB (PER_IDX,USER_IDX,NAME,PHONE,ZIP_CODE,ADDRESS,SOCIAL_NUM,CREATED) values (5,29,'고명옥','010-7558-6614','55718','전북 남원시 운봉읍 서천길 33','010109-4751715',to_date('24/05/22','RR/MM/DD'));
Insert into CATWORK.PERSON_TB (PER_IDX,USER_IDX,NAME,PHONE,ZIP_CODE,ADDRESS,SOCIAL_NUM,CREATED) values (6,30,'조윤지','010-3927-3475','56149','전북 정읍시 덕천면 도계1길 26','010921-3626656',to_date('24/05/22','RR/MM/DD'));
Insert into CATWORK.PERSON_TB (PER_IDX,USER_IDX,NAME,PHONE,ZIP_CODE,ADDRESS,SOCIAL_NUM,CREATED) values (7,31,'배호경','010-6552-8406','13504','경기도 성남시 분당구 매화로56번길 19(야탑동)','030606-3799379',to_date('24/05/22','RR/MM/DD'));
Insert into CATWORK.PERSON_TB (PER_IDX,USER_IDX,NAME,PHONE,ZIP_CODE,ADDRESS,SOCIAL_NUM,CREATED) values (8,32,'문동현','010-5523-3892','13026','경기도 하남시 하남대로186번길 7(상산곡동)','030817-3935147',to_date('24/05/22','RR/MM/DD'));
Insert into CATWORK.PERSON_TB (PER_IDX,USER_IDX,NAME,PHONE,ZIP_CODE,ADDRESS,SOCIAL_NUM,CREATED) values (9,33,'강병하','010-5408-7005','63043','제주특별자치도 제주시 애월읍 애월로 105','930518-2585264',to_date('24/05/22','RR/MM/DD'));
Insert into CATWORK.PERSON_TB (PER_IDX,USER_IDX,NAME,PHONE,ZIP_CODE,ADDRESS,SOCIAL_NUM,CREATED) values (10,34,'서영미','010-5386-9411','63184','제주특별자치도 제주시 서광로5길 2-8(용담일동)','911003-1242638',to_date('24/05/22','RR/MM/DD'));
Insert into CATWORK.PERSON_TB (PER_IDX,USER_IDX,NAME,PHONE,ZIP_CODE,ADDRESS,SOCIAL_NUM,CREATED) values (11,35,'홍현자','010-1182-6948','03439','서울특별시 은평구 가좌로11가길 28-1(신사동)','070120-3777538',to_date('24/05/22','RR/MM/DD'));
Insert into CATWORK.PERSON_TB (PER_IDX,USER_IDX,NAME,PHONE,ZIP_CODE,ADDRESS,SOCIAL_NUM,CREATED) values (12,36,'윤시윤','010-9952-7739','58807','전남 신안군 증도면 증도중앙길 40-26','001128-3258239',to_date('24/05/22','RR/MM/DD'));
Insert into CATWORK.PERSON_TB (PER_IDX,USER_IDX,NAME,PHONE,ZIP_CODE,ADDRESS,SOCIAL_NUM,CREATED) values (13,37,'신보경','010-3529-9346','32533','충남 공주시 우성면 보흥1길 211','940212-2527495',to_date('24/05/22','RR/MM/DD'));
Insert into CATWORK.PERSON_TB (PER_IDX,USER_IDX,NAME,PHONE,ZIP_CODE,ADDRESS,SOCIAL_NUM,CREATED) values (14,38,'남궁승언','010-8630-7480','26209','강원도 영월군 북면 밤재로 144-5','951016-2955953',to_date('24/05/22','RR/MM/DD'));
Insert into CATWORK.PERSON_TB (PER_IDX,USER_IDX,NAME,PHONE,ZIP_CODE,ADDRESS,SOCIAL_NUM,CREATED) values (15,39,'정효원','010-7499-4847','38300','경북 청도군 각북면 오산4길 6-47','050220-4856327',to_date('24/05/22','RR/MM/DD'));
Insert into CATWORK.PERSON_TB (PER_IDX,USER_IDX,NAME,PHONE,ZIP_CODE,ADDRESS,SOCIAL_NUM,CREATED) values (16,40,'전영우','010-1062-4243','17159','경기도 용인시 처인구 양지면 송주로 231-15(고래실마을회관)','030927-3881441',to_date('24/05/22','RR/MM/DD'));
Insert into CATWORK.PERSON_TB (PER_IDX,USER_IDX,NAME,PHONE,ZIP_CODE,ADDRESS,SOCIAL_NUM,CREATED) values (17,41,'서정훈','010-7885-6486','50449','경남 밀양시 상남면 기산1길 27-7','971203-2611316',to_date('24/05/22','RR/MM/DD'));
Insert into CATWORK.PERSON_TB (PER_IDX,USER_IDX,NAME,PHONE,ZIP_CODE,ADDRESS,SOCIAL_NUM,CREATED) values (18,42,'신은기','010-2423-2721','63099','제주특별자치도 제주시 수덕5길 26(노형동)','041216-3862519',to_date('24/05/22','RR/MM/DD'));
Insert into CATWORK.PERSON_TB (PER_IDX,USER_IDX,NAME,PHONE,ZIP_CODE,ADDRESS,SOCIAL_NUM,CREATED) values (19,43,'안정윤','010-1688-8940','32027','충남 서산시 고북면 고북1로 285-2','091218-3763516',to_date('24/05/22','RR/MM/DD'));
Insert into CATWORK.PERSON_TB (PER_IDX,USER_IDX,NAME,PHONE,ZIP_CODE,ADDRESS,SOCIAL_NUM,CREATED) values (20,44,'김홍석','010-6478-2568','38559','경북 경산시 자인면 옥천길 59','001001-4451380',to_date('24/05/22','RR/MM/DD'));
REM INSERTING into CATWORK.POST_SKILL_TB
SET DEFINE OFF;
Insert into CATWORK.POST_SKILL_TB (POSKILL_IDX,POST_IDX,SKILL_IDX) values (1,1,1);
Insert into CATWORK.POST_SKILL_TB (POSKILL_IDX,POST_IDX,SKILL_IDX) values (2,1,5);
Insert into CATWORK.POST_SKILL_TB (POSKILL_IDX,POST_IDX,SKILL_IDX) values (45,34,9);
Insert into CATWORK.POST_SKILL_TB (POSKILL_IDX,POST_IDX,SKILL_IDX) values (46,35,9);
Insert into CATWORK.POST_SKILL_TB (POSKILL_IDX,POST_IDX,SKILL_IDX) values (47,36,9);
Insert into CATWORK.POST_SKILL_TB (POSKILL_IDX,POST_IDX,SKILL_IDX) values (48,37,9);
Insert into CATWORK.POST_SKILL_TB (POSKILL_IDX,POST_IDX,SKILL_IDX) values (49,38,1);
Insert into CATWORK.POST_SKILL_TB (POSKILL_IDX,POST_IDX,SKILL_IDX) values (50,38,2);
Insert into CATWORK.POST_SKILL_TB (POSKILL_IDX,POST_IDX,SKILL_IDX) values (51,38,7);
Insert into CATWORK.POST_SKILL_TB (POSKILL_IDX,POST_IDX,SKILL_IDX) values (55,40,1);
Insert into CATWORK.POST_SKILL_TB (POSKILL_IDX,POST_IDX,SKILL_IDX) values (56,40,6);
Insert into CATWORK.POST_SKILL_TB (POSKILL_IDX,POST_IDX,SKILL_IDX) values (57,40,7);
Insert into CATWORK.POST_SKILL_TB (POSKILL_IDX,POST_IDX,SKILL_IDX) values (58,41,1);
Insert into CATWORK.POST_SKILL_TB (POSKILL_IDX,POST_IDX,SKILL_IDX) values (59,41,5);
Insert into CATWORK.POST_SKILL_TB (POSKILL_IDX,POST_IDX,SKILL_IDX) values (60,41,6);
Insert into CATWORK.POST_SKILL_TB (POSKILL_IDX,POST_IDX,SKILL_IDX) values (61,42,1);
Insert into CATWORK.POST_SKILL_TB (POSKILL_IDX,POST_IDX,SKILL_IDX) values (62,42,2);
Insert into CATWORK.POST_SKILL_TB (POSKILL_IDX,POST_IDX,SKILL_IDX) values (63,42,7);
Insert into CATWORK.POST_SKILL_TB (POSKILL_IDX,POST_IDX,SKILL_IDX) values (64,42,8);
Insert into CATWORK.POST_SKILL_TB (POSKILL_IDX,POST_IDX,SKILL_IDX) values (65,43,1);
Insert into CATWORK.POST_SKILL_TB (POSKILL_IDX,POST_IDX,SKILL_IDX) values (66,43,3);
Insert into CATWORK.POST_SKILL_TB (POSKILL_IDX,POST_IDX,SKILL_IDX) values (67,43,4);
Insert into CATWORK.POST_SKILL_TB (POSKILL_IDX,POST_IDX,SKILL_IDX) values (5,3,9);
Insert into CATWORK.POST_SKILL_TB (POSKILL_IDX,POST_IDX,SKILL_IDX) values (6,4,9);
Insert into CATWORK.POST_SKILL_TB (POSKILL_IDX,POST_IDX,SKILL_IDX) values (3,2,1);
Insert into CATWORK.POST_SKILL_TB (POSKILL_IDX,POST_IDX,SKILL_IDX) values (4,2,5);
Insert into CATWORK.POST_SKILL_TB (POSKILL_IDX,POST_IDX,SKILL_IDX) values (7,5,1);
Insert into CATWORK.POST_SKILL_TB (POSKILL_IDX,POST_IDX,SKILL_IDX) values (8,5,2);
Insert into CATWORK.POST_SKILL_TB (POSKILL_IDX,POST_IDX,SKILL_IDX) values (9,5,5);
Insert into CATWORK.POST_SKILL_TB (POSKILL_IDX,POST_IDX,SKILL_IDX) values (10,6,3);
Insert into CATWORK.POST_SKILL_TB (POSKILL_IDX,POST_IDX,SKILL_IDX) values (11,6,4);
Insert into CATWORK.POST_SKILL_TB (POSKILL_IDX,POST_IDX,SKILL_IDX) values (12,6,8);
Insert into CATWORK.POST_SKILL_TB (POSKILL_IDX,POST_IDX,SKILL_IDX) values (14,8,9);
Insert into CATWORK.POST_SKILL_TB (POSKILL_IDX,POST_IDX,SKILL_IDX) values (15,9,9);
Insert into CATWORK.POST_SKILL_TB (POSKILL_IDX,POST_IDX,SKILL_IDX) values (16,10,9);
Insert into CATWORK.POST_SKILL_TB (POSKILL_IDX,POST_IDX,SKILL_IDX) values (17,11,9);
Insert into CATWORK.POST_SKILL_TB (POSKILL_IDX,POST_IDX,SKILL_IDX) values (18,12,9);
Insert into CATWORK.POST_SKILL_TB (POSKILL_IDX,POST_IDX,SKILL_IDX) values (19,13,9);
Insert into CATWORK.POST_SKILL_TB (POSKILL_IDX,POST_IDX,SKILL_IDX) values (32,26,1);
Insert into CATWORK.POST_SKILL_TB (POSKILL_IDX,POST_IDX,SKILL_IDX) values (33,26,2);
Insert into CATWORK.POST_SKILL_TB (POSKILL_IDX,POST_IDX,SKILL_IDX) values (34,26,5);
Insert into CATWORK.POST_SKILL_TB (POSKILL_IDX,POST_IDX,SKILL_IDX) values (35,26,6);
Insert into CATWORK.POST_SKILL_TB (POSKILL_IDX,POST_IDX,SKILL_IDX) values (36,26,7);
Insert into CATWORK.POST_SKILL_TB (POSKILL_IDX,POST_IDX,SKILL_IDX) values (37,26,8);
Insert into CATWORK.POST_SKILL_TB (POSKILL_IDX,POST_IDX,SKILL_IDX) values (38,27,9);
Insert into CATWORK.POST_SKILL_TB (POSKILL_IDX,POST_IDX,SKILL_IDX) values (39,28,9);
Insert into CATWORK.POST_SKILL_TB (POSKILL_IDX,POST_IDX,SKILL_IDX) values (52,39,1);
Insert into CATWORK.POST_SKILL_TB (POSKILL_IDX,POST_IDX,SKILL_IDX) values (53,39,2);
Insert into CATWORK.POST_SKILL_TB (POSKILL_IDX,POST_IDX,SKILL_IDX) values (54,39,6);
Insert into CATWORK.POST_SKILL_TB (POSKILL_IDX,POST_IDX,SKILL_IDX) values (40,29,9);
Insert into CATWORK.POST_SKILL_TB (POSKILL_IDX,POST_IDX,SKILL_IDX) values (41,30,9);
Insert into CATWORK.POST_SKILL_TB (POSKILL_IDX,POST_IDX,SKILL_IDX) values (42,31,9);
Insert into CATWORK.POST_SKILL_TB (POSKILL_IDX,POST_IDX,SKILL_IDX) values (43,32,9);
Insert into CATWORK.POST_SKILL_TB (POSKILL_IDX,POST_IDX,SKILL_IDX) values (44,33,9);
Insert into CATWORK.POST_SKILL_TB (POSKILL_IDX,POST_IDX,SKILL_IDX) values (21,15,9);
Insert into CATWORK.POST_SKILL_TB (POSKILL_IDX,POST_IDX,SKILL_IDX) values (22,16,9);
Insert into CATWORK.POST_SKILL_TB (POSKILL_IDX,POST_IDX,SKILL_IDX) values (23,17,9);
Insert into CATWORK.POST_SKILL_TB (POSKILL_IDX,POST_IDX,SKILL_IDX) values (24,18,9);
Insert into CATWORK.POST_SKILL_TB (POSKILL_IDX,POST_IDX,SKILL_IDX) values (25,19,9);
Insert into CATWORK.POST_SKILL_TB (POSKILL_IDX,POST_IDX,SKILL_IDX) values (26,20,9);
Insert into CATWORK.POST_SKILL_TB (POSKILL_IDX,POST_IDX,SKILL_IDX) values (27,21,9);
Insert into CATWORK.POST_SKILL_TB (POSKILL_IDX,POST_IDX,SKILL_IDX) values (28,22,9);
Insert into CATWORK.POST_SKILL_TB (POSKILL_IDX,POST_IDX,SKILL_IDX) values (29,23,9);
Insert into CATWORK.POST_SKILL_TB (POSKILL_IDX,POST_IDX,SKILL_IDX) values (30,24,5);
Insert into CATWORK.POST_SKILL_TB (POSKILL_IDX,POST_IDX,SKILL_IDX) values (31,25,9);
Insert into CATWORK.POST_SKILL_TB (POSKILL_IDX,POST_IDX,SKILL_IDX) values (20,14,9);
REM INSERTING into CATWORK.POST_TB
SET DEFINE OFF;
Insert into CATWORK.POST_TB (POST_IDX,USER_IDX,TITLE,CAREER,GOWORK,GOHOME,SALARY,DEADLINE,INTRO,EXPLAIN,MANAGER,MPHONE,CREATED,JOBTYPE,DEPARTMENT) values (1,5,'삼성 개발자 채용','5년 이상','09:00','18:00','1억5000만원',to_date('24/06/14','RR/MM/DD'),'대한민국 1위 기업','반도체 제작 프로그램의 업그레이드 및 보수','남효은','010-8461-4648',to_date('24/05/22','RR/MM/DD'),'정규직','개발');
Insert into CATWORK.POST_TB (POST_IDX,USER_IDX,TITLE,CAREER,GOWORK,GOHOME,SALARY,DEADLINE,INTRO,EXPLAIN,MANAGER,MPHONE,CREATED,JOBTYPE,DEPARTMENT) values (34,15,'방송 언론홍보 채용','10년 이상','09:00','18:00','9000만원',to_date('24/05/29','RR/MM/DD'),'우리는 움직임 속에서 영감을 얻습니다.

기아는 지속가능한 (sustainable) 모빌리티 솔루션을 제공하는 비전을 가지고,

일상의 움직임 속에서 의미를 발견하고 이동하는 모든 순간 영감을 느낄 수 있도록,

혁신적인 제품을 만들고 편리한 서비스를 제공하기 위하여 존재합니다.


영감과 열정은 우리의 근원입니다.

전 세계 기아 구성원들은 성장과 진보의 마음가짐으로

우리의 브랜드 존재 이유를 실천하기 위해 매일 앞으로 나아가고 있습니다.','직무상세

[미디어 취재 지원]
 - 방송매체의 당사 관련 취재 요청 대응 및 지원
 - 대내외 주요 이슈 센싱 및 언론 대응 커뮤니케이션


[홍보콘텐츠 기획 및 작성]
 - 주요 기업 활동 관련한 맞춤형 홍보콘텐츠 발굴 및 자료 작성(기획 기사 등)
 - 미래전략, 제품·서비스, 마케팅 등 관련 보도자료 작성


[미디어 행사 운영 및 미디어 네트워크 관리]
 - 미디어 대상 행사(신차출시/시승회/신기술설명회 등) 운영
 - 방송매체 출입·담당 기자단 소통 및 네트워킹


지원 자격
 - 국내외 정규대학 학사 이상의 학위를 보유하신 분
 - 운전면허증을 보유하신 분
 - 10년 이상의 기업 홍보실, 언론사(기자), PR에이전시 등 언론 및 홍보 관련 업무 경험을 보유하신 분
※ 해외여행 또는 비자 발급 요건에 결격 사유 없는 분, 남자는 병역 필 또는 면제되신 분에 한해 지원 가능합니다.



우대사항
 - 비즈니스 영어 가능하신 분
 - 자동차 및 자동차 산업에 대한 이해와 관심을 보유하신 분
 - 방송 매체 환경에 대한 이해를 보유하신 분
 - 팀원들과 자유롭게 의사소통하고, 협업을 중요하게 생각하시는 분
 - 빠른 변화에 적극적으로 대응하며, 주도적으로 업무 가능하신 분','추세희','010-9704-5933',to_date('24/05/22','RR/MM/DD'),'정규직','마케팅');
Insert into CATWORK.POST_TB (POST_IDX,USER_IDX,TITLE,CAREER,GOWORK,GOHOME,SALARY,DEADLINE,INTRO,EXPLAIN,MANAGER,MPHONE,CREATED,JOBTYPE,DEPARTMENT) values (35,16,'2024년 상반기 포스코PR테크 신입사원 채용(기계, 전기정비)','신입','09:00','18:00','6000만원',to_date('24/05/26','RR/MM/DD'),'“포스코그룹은 더불어 함께 발전하는 기업시민 경영이념을
기반으로 더 나은 세상을 만드는데 기여하고 있습니다.”

경영비전
더불어 함께 발전하는 기업시민
포스코그룹은 ''더불어 함께 발전하는 기업시민''을 추구합니다.
포스코그룹 스스로가 사회 구성원의 일원이 되어 임직원, 주주, 고객, 공급사, 협력사, 지역사회 등
여러 이해관계자와 더불어 함께 발전하고, 배려와 공존, 공생의 가치를 함께 추구해 나가고자 합니다.','정비 및 유지보수','최성재','010-3675-5796',to_date('24/05/22','RR/MM/DD'),'정규직','엔지니어링');
Insert into CATWORK.POST_TB (POST_IDX,USER_IDX,TITLE,CAREER,GOWORK,GOHOME,SALARY,DEADLINE,INTRO,EXPLAIN,MANAGER,MPHONE,CREATED,JOBTYPE,DEPARTMENT) values (36,17,'사무지원, 해외파생/주식 중개 계약직 채용','무관','09:00','18:00','7000만원',to_date('24/05/23','RR/MM/DD'),'삼성증권은 투자매매, 투자중개, 투자자문, 투자일임, 신탁 등 5개 영위 사업을 통해 주식중개 및 자산관리, 기업금융과 자산운용 서비스를 제공하는 종합금융투자회사입니다. 설립 이후 지속적인 성장을 통해 우리나라 자본시장을 대표하는 기업으로 자리매김하였습니다.','수행업무
- 다수의 본부/부서 경비처리 및 예산 관리 업무
- 비서 업무
- 거래내역보고, 세일즈 업무 지원
- 기타 사무지원 업무 (내부직원 응대, 약관/설명서 관리, 심의 등)

지원자격
- 경비처리 업무 경험자 우대 (SAP 경험자 우대)
- MS오피스(엑셀, 워드) 숙련자 우대','강혜훈','010-8931-7015',to_date('24/05/22','RR/MM/DD'),'계약직','사무');
Insert into CATWORK.POST_TB (POST_IDX,USER_IDX,TITLE,CAREER,GOWORK,GOHOME,SALARY,DEADLINE,INTRO,EXPLAIN,MANAGER,MPHONE,CREATED,JOBTYPE,DEPARTMENT) values (37,18,'메디컬 닥터 채용','무관','09:00','18:00','8000만원',to_date('24/05/31','RR/MM/DD'),'DB는 1969년 1월 24일 자본금 2,500만원과 직원 2명으로 미륭건설(현 동부건설)을 설립하면서 출범했습니다.

1970년대 초 선도적으로 중동 건설시장에 진출해 대대적인 성공을 거둠으로써 당시 오일쇼크로 위기에 처한 국가경제의 회복에 기여하였으며, 해외에서 거둔 외화수익금 전액을 철강, 소재, 농업, 물류, 금융 등 국가 기간산업에 투자하여 그룹 성장의 발판을 다졌습니다.

전략적이고 계획적인 사업복합화의 결과 DB는 1990년 20대그룹에 진입하였으며, 2000년도에는 10대그룹으로 발전했습니다.(2000년 공정거래위원회 발표) 대한민국 1세대 그룹들보다 30~40년 뒤늦게 출발한 후발기업의 불리함을 극복하고 이루어낸 성과였습니다.

DB는 끊임없이 새로운 목표에 도전하며 새로운 길을 만들어 왔습니다.

대부분의 계열사를 신규 면허를 취득하거나 신규 설립을 통해 발전시키고 하위품목에서 사업을 시작하여 상위품목으로 사업을 확장·발전시키는 성장 드라마를 만들어 냈습니다. 부실기업을 인수하여 대규모 투자와 경영합리화를 통해 우량기업으로 변화시켰습니다. 다른 대기업들이 관심을 기울이지 않던 합금철, 선재, 농약, 비료, 종자, 비메모리 반도체 파운드리, 첨단 유리온실, 친환경 전기로제철 사업을 개척했습니다. 경영시스템의 선진화를 위해 끊임없이 혁신을 추진했으며, 모범적인 지배구조와 자율·책임 경영체제 구축에 힘써 왔습니다.

이제 DB는 끊임없는 기업가정신과 혁신으로 새로운 미래를 향해 나아가고 있습니다. 최고의 글로벌 전문기업, 그 큰 꿈(Dream Big)을 향한 DB의 도전은 오늘도 계속됩니다. ','상품개발 의료 부문 지원
의적심사 지원','배연진','010-1017-1135',to_date('24/05/22','RR/MM/DD'),'계약직','의료');
Insert into CATWORK.POST_TB (POST_IDX,USER_IDX,TITLE,CAREER,GOWORK,GOHOME,SALARY,DEADLINE,INTRO,EXPLAIN,MANAGER,MPHONE,CREATED,JOBTYPE,DEPARTMENT) values (38,19,'[삼성물산개발부문] 경력 계약직 (개발자) 채용','4년이상','09:00','18:00','5000만원',to_date('24/05/30','RR/MM/DD'),'전세계에서 건설, 상사, 패션, 리조트 부문을 중심으로 만들어가는 새로운 패러다임','자사몰 홈페이지 유지보수 및 개발','윤대혁','010-5207-4077',to_date('24/05/22','RR/MM/DD'),'계약직','개발');
Insert into CATWORK.POST_TB (POST_IDX,USER_IDX,TITLE,CAREER,GOWORK,GOHOME,SALARY,DEADLINE,INTRO,EXPLAIN,MANAGER,MPHONE,CREATED,JOBTYPE,DEPARTMENT) values (41,22,'개발자 계약직 신입 채용','신입','09:00','18:00','3500만원',to_date('24/05/24','RR/MM/DD'),'네 개의 세계적인 인테리어 회사들이 참가하여 설계한 독창적인 인테리어의 객실은 최신 트렌드를 반영하고 있으며, 성공적인 비즈니스를 위한 클럽 플로어에서는 품위와 정교함을 느끼실 수 있습니다. 또한, 롯데호텔 서울에서는 따뜻하고 고급의 가족모임과 럭셔리 웨딩, 대규모 국제회의 진행 등의 비즈니스 행사를 위한 최상의 시설을 제공하고 있으며, 최고급 레스토랑 또한 국빈 등 VIP고객을 모시기에 최적의 선택입니다.','홈페이지 유지보수 및 개발','김보아','010-4070-6000',to_date('24/05/22','RR/MM/DD'),'계약직','개발');
Insert into CATWORK.POST_TB (POST_IDX,USER_IDX,TITLE,CAREER,GOWORK,GOHOME,SALARY,DEADLINE,INTRO,EXPLAIN,MANAGER,MPHONE,CREATED,JOBTYPE,DEPARTMENT) values (4,5,'전략기획부서 멤버 채용','10년이상','09:00','18:00','7억',to_date('24/11/21','RR/MM/DD'),'대한민국 1위 기업','전략기획부서에서 상황 발생시에 위기상황 대처업무 진행예정
군간부 경력 우대
회사 운영 경력 우대','전우식','010-1247-0835',to_date('24/05/22','RR/MM/DD'),'정규직','기획');
Insert into CATWORK.POST_TB (POST_IDX,USER_IDX,TITLE,CAREER,GOWORK,GOHOME,SALARY,DEADLINE,INTRO,EXPLAIN,MANAGER,MPHONE,CREATED,JOBTYPE,DEPARTMENT) values (2,5,'신입 개발자 채용','신입','09:00','18:00','6000만원',to_date('24/06/01','RR/MM/DD'),'대한민국 1위 기업','반도체 프로그램 검사 및 유지보수 하는 팀에 들어가게될것입니다','남효은','010-8461-4648',to_date('24/05/22','RR/MM/DD'),'계약직','개발');
Insert into CATWORK.POST_TB (POST_IDX,USER_IDX,TITLE,CAREER,GOWORK,GOHOME,SALARY,DEADLINE,INTRO,EXPLAIN,MANAGER,MPHONE,CREATED,JOBTYPE,DEPARTMENT) values (3,5,'반도체 생산 경력인력 채용','3년이상','09:00','18:00','7000만원',to_date('24/06/28','RR/MM/DD'),'대한민국 1위. 대한민국을 먹여살리는 기업','반도체 생산 업무
전기기사, 전기기능사 등등 여러 자격증 보유자 우대','유성근','010-1731-6691',to_date('24/05/22','RR/MM/DD'),'정규직','생산');
Insert into CATWORK.POST_TB (POST_IDX,USER_IDX,TITLE,CAREER,GOWORK,GOHOME,SALARY,DEADLINE,INTRO,EXPLAIN,MANAGER,MPHONE,CREATED,JOBTYPE,DEPARTMENT) values (5,5,'다재다능하신 개발자 채용','3년이상','09:00','18:00','8000만원',to_date('24/07/31','RR/MM/DD'),'대한민국 1위 기업','개발에 있어서 많은 것을 할 수 있는 사람이 필요합니다
다양한 개발 분야에서 활약하실 분들께선 지원해주시길 바랍니다','남효은','010-8461-4648',to_date('24/05/22','RR/MM/DD'),'정규직','개발');
Insert into CATWORK.POST_TB (POST_IDX,USER_IDX,TITLE,CAREER,GOWORK,GOHOME,SALARY,DEADLINE,INTRO,EXPLAIN,MANAGER,MPHONE,CREATED,JOBTYPE,DEPARTMENT) values (6,5,'프론트엔드 개발자 채용','신입','09:00','18:00','5000만원',to_date('24/06/10','RR/MM/DD'),'대한민국 1위 기업','홈페이지의 유지보수','남효은','010-8461-4648',to_date('24/05/22','RR/MM/DD'),'계약직','개발');
Insert into CATWORK.POST_TB (POST_IDX,USER_IDX,TITLE,CAREER,GOWORK,GOHOME,SALARY,DEADLINE,INTRO,EXPLAIN,MANAGER,MPHONE,CREATED,JOBTYPE,DEPARTMENT) values (8,5,'사무직원 채용','2년이상','09:00','18:00','6000만원',to_date('24/05/23','RR/MM/DD'),'대한민국 1위 기업','각종 사무업무','허경화','010-5401-1778',to_date('24/05/22','RR/MM/DD'),'계약직','사무');
Insert into CATWORK.POST_TB (POST_IDX,USER_IDX,TITLE,CAREER,GOWORK,GOHOME,SALARY,DEADLINE,INTRO,EXPLAIN,MANAGER,MPHONE,CREATED,JOBTYPE,DEPARTMENT) values (9,5,'서류처리작업자 채용','신입','09:00','18:00','8000만원',to_date('24/10/11','RR/MM/DD'),'대한민국 1위 기업','모든 서류를 담당하는 부분을 인수인계 받게될것입니다','허경화','010-5401-1778',to_date('24/05/22','RR/MM/DD'),'정규직','사무');
Insert into CATWORK.POST_TB (POST_IDX,USER_IDX,TITLE,CAREER,GOWORK,GOHOME,SALARY,DEADLINE,INTRO,EXPLAIN,MANAGER,MPHONE,CREATED,JOBTYPE,DEPARTMENT) values (10,5,'인사팀장을 채용','7년이상','09:00','18:00','1억5000만원',to_date('24/08/26','RR/MM/DD'),'대한민국 1위 기업','인사부장 밑에서 업무 인수인계 받으며 부재시에 대리 임무 수행 가능하신 분을 구합니다','최민혜','010-4865-8081',to_date('24/05/22','RR/MM/DD'),'정규직','인사');
Insert into CATWORK.POST_TB (POST_IDX,USER_IDX,TITLE,CAREER,GOWORK,GOHOME,SALARY,DEADLINE,INTRO,EXPLAIN,MANAGER,MPHONE,CREATED,JOBTYPE,DEPARTMENT) values (11,5,'인사계원 채용','2년이상','09:00','18:00','8000만원',to_date('24/07/05','RR/MM/DD'),'대한민국 1위 기업','다른 회사에서의 인사 경력 우대','최민혜','010-4865-8081',to_date('24/05/22','RR/MM/DD'),'정규직','인사');
Insert into CATWORK.POST_TB (POST_IDX,USER_IDX,TITLE,CAREER,GOWORK,GOHOME,SALARY,DEADLINE,INTRO,EXPLAIN,MANAGER,MPHONE,CREATED,JOBTYPE,DEPARTMENT) values (12,5,'회계팀장을 채용','10년이상','09:00','18:00','1억2000만원',to_date('24/11/28','RR/MM/DD'),'대한민국 1위 기업','회계부장 밑에서 업무 인수인계 받으며 부재시에 대리 임무 수행 가능하신 분을 구합니다','손다빈','010-0557-9026',to_date('24/05/22','RR/MM/DD'),'정규직','회계');
Insert into CATWORK.POST_TB (POST_IDX,USER_IDX,TITLE,CAREER,GOWORK,GOHOME,SALARY,DEADLINE,INTRO,EXPLAIN,MANAGER,MPHONE,CREATED,JOBTYPE,DEPARTMENT) values (13,5,'회계부서 멤버 채용','7년이상','09:00','18:00','9000만원',to_date('24/06/11','RR/MM/DD'),'대한민국 1위 기업','다른 회사에서의 회계경력 우대','손다빈','010-0557-9026',to_date('24/05/22','RR/MM/DD'),'정규직','회계');
Insert into CATWORK.POST_TB (POST_IDX,USER_IDX,TITLE,CAREER,GOWORK,GOHOME,SALARY,DEADLINE,INTRO,EXPLAIN,MANAGER,MPHONE,CREATED,JOBTYPE,DEPARTMENT) values (26,8,'플랫폼/서비스 QA Engineer 채용','7년이상','09:00','18:00','8000만원',to_date('24/05/23','RR/MM/DD'),'1946년 국내 최초의 생명보험사로 설립된 한화생명은 2002년 12월 한화그룹의 새 가족으로 출발하면서 ‘국민과 함께 하는 기업, 국민속의 기업’으로 제2의 역사를 만들어 가고 있습니다. 전국 7개 영업지원단, 71개 지점, 1천여 영업소 등 영업 인프라를 기반으로 1천만 계약자의 미래를 책임지고 있는 대한생명은 급변하는 금융경쟁 환경을 극복하고 보험업계를 선도하는 회사로 자리매김하기 위해 보험영업, 자산운용, 상품개발, 리스크 관리 등 제반부문에서 글로벌 스탠더드에 입각한 선진경영 체제를 구축, 운영하고 있습니다.
[ 경영원칙 ]
* 전략경영
대규모조직이 급변하는 환경에 유연하게 대응하기 위해서는 사전에 미리 예측하고 준비하여 신속하게 실행하는 것이 무엇보다 중요합니다. 이를 위해 선견, 선수, 선제(先見, 先手, 先制) 경영을 추진하겠습니다. 또 예측의 어려움으로 인해 발생할 수 있는 시행착오와 리스크를 최대한 줄일 수 있도록 사전에 여러가지 상황을 설정하고 그에 맞추어 대응해 나가는 시나리오 경영도 실천할 것입니다. 이와 함께 제한된 자원을 효율적으로 활용하여 성과를 극대화할 수 있도록 선택과 집중에 의한 차별화전략인 Different NO.1 전략을 추진할 것입니다.

* 고객중심경영 
모든 경영의 중심은 고객이기 때문에 향후 영업의 KEY-WORD를 “고객”으로 삼고 고객의 변화된 니즈를 찾아내 상품을 개발하고 서비스를 제공할 것입니다. 이를 위해 회사는 상품 개발부터 판매과정, 판매 후 서비스에 이르기까지 모든 과정에 고객만족도를 높이는 방향으로 조직과 시스템을 개선해나갈 것입니다.','함께하면 담당하게 될 업무입니다
 - 다양한 플랫폼/서비스의 품질 검증 (QA)
     ㄴ (한화생명 앱, 다이렉트 채널, 한화생명 홈페이지, Back-Office 및 신규 프로덕트)
 - 프로젝트 QA 리딩
 - QA 프로세스 설계, 실행, 개선
 - 테스트 자동화
 - 지속적인 플랫폼 고도화 및 안정적인 시스템 운영


이런 경험을 우대합니다
 - 컴퓨터 관련 전공자 또는 그에 준하는 경력
 - 금융 및 핀테크 서비스와 연관된 B2C 서비스 경험 보유
 - 네트워크 및 보안에 대한 높은 이해도 보유
 - Web / iOS / Android / API 테스트 자동화 프로젝트 경험 혹은 업무 이해 능력 보유
 - 논리적 사고와 문제 분석 및 해결 능력
 - JIRA, Confluence, Gitlab 사용 경험 보유
 - 소프트웨어 테스트 관련 자격증 보유 (Ex. ISTQB, CSTS)


이런 분과 함께하고 싶습니다
 - 학력 : 학사 이상 / 컴퓨터공학 관련 전공자 우대
 - 경력 : 해당 직무 수행 경력 7년 이상
 - 전문지식
     ㄴ 모바일 / 웹 QA 또는 SDET 경력 7년 이상 또는 그에 준하는 실력 보유
     ㄴ SDLC 내 전반적 과정에서의 높은 이해도를 바탕으로 프로젝트 QA 리딩 경험 보유
     ㄴ 다양한 분야의 사람들과 협업, 커뮤니케이션 능력 (이해관계자들 간 적극적이고 원활한 커뮤니케이션을 통한 여러 상황을 조율해본 경험)
     ㄴ 팀의 생산성 및 업무 효율성 향상을 위해 문제 도출 및 대안 제시를 통한 품질 개선 활동 경험 보유
     ㄴ 다양한 사용자 시나리오 도출을 통한 테스트 커버리지 개선 능력 보유
     ㄴ 테스트 케이스, 계획, 분석, 설계, 수행 경험
     ㄴ 기본적인 프로그래밍 혹은 스크립트 작성 경험자','강석훈','010-2914-6285',to_date('24/05/22','RR/MM/DD'),'정규직','개발');
Insert into CATWORK.POST_TB (POST_IDX,USER_IDX,TITLE,CAREER,GOWORK,GOHOME,SALARY,DEADLINE,INTRO,EXPLAIN,MANAGER,MPHONE,CREATED,JOBTYPE,DEPARTMENT) values (27,9,'안전분야 경력 채용','2년이상','09:00','18:00','7000만원',to_date('24/06/02','RR/MM/DD'),'안녕하십니까, SK하이닉스 입니다.
SK하이닉스는 83년 현대전자로 첫 출발한 이후 수많은 변화와 위기 속에서도 새로운 도전으로 전진하며 글로벌 반도체 선도 기업으로 성장해 왔습니다.
이제 기술 혁신을 기반으로 ‘세계 최고의 반도체 회사’라는 Vision를 향해 나아가고 있습니다.
‘기술’은 사회 변화의 근본이자, 방향을 결정짓는 핵심 요소입니다. 반도체는 그 기술의 핵심 요소로, ICT 산업의 동력이자 대상으로 떠올랐습니다.
SK하이닉스는 날로 빠르게 변화하는 ICT업계의 흐름과 불확실성에 대응해 복잡 다양해지는 고객 Needs를 연구하고, 시장에 한 발 앞선 솔루션을 제공하기 위해 전력을 다하고 있습니다.
기술 한계를 넘어선 성능 확보와 차세대 제품 협력을 통해 공급자를 넘어 가치를 창조하는 파트너로서 고객 관계를 확장해 나갈 것입니다.
또한 SK그룹의 일원으로서 재무적 성과(Economic Value)와 사회적 가치(Social Value)를 동시에 창출하는 DBL(Double Bottom Line) 경영을 추진하며 우리 사회와
인류를 향한 변화에 앞서가겠습니다. SK하이닉스를 믿고 함께 해주시는 주주와 고객, 협력사, 정부와 주민을 포함한 모든 이해관계자들께 감사드립니다.
보내주신 사랑과 관심을 잊지 않고 기대를 넘어 모두가 자랑스러워하는 기업으로 성장하겠습니다.
감사합니다.','수행업무

​산업재해 관리 및 사고조사, 사고통계 및 분석
- 산업재해 재발방지 대책 이행점검 및 관리
- 산업안전 예방 활동 (PSM, 위험성평가 재발방지대책 횡전개 등)
- 안전/보건/환경 사고 예방 진단 및 안전보건 경영시스템 인증 및 유지관리
반도체 장비 반입/Set-up 현장 안전관리
- 화학물질 안전보건 예방 관리
- 안전/보건/환경 대내외 수검 및 Audit 대응


우대사항
​- ​산업재해관리 및 사고조사 유경험자 우대
​- ​경영시스템 인증 및 유지 관리, 화학물질 허가/관리 유경험자 우대
​- ​PSM 및 유해위험방지계획 인허가 유경험자 우대


지원자격

전공
​​- ​안전/보건 및 산업/기계/화학 관련 학과
학력
​​- ​학사 이상
해당경력
​​- 2년 이상

자격증
​​- 필수 : 산업안전기사
​​- 우대 : 산업위생기사, 위험물기능장/산업기사, 소방(기계/전기)기사 등 
             안전관련 분야 국가자격 소지자','예형호','010-1711-8677',to_date('24/05/22','RR/MM/DD'),'정규직','의료');
Insert into CATWORK.POST_TB (POST_IDX,USER_IDX,TITLE,CAREER,GOWORK,GOHOME,SALARY,DEADLINE,INTRO,EXPLAIN,MANAGER,MPHONE,CREATED,JOBTYPE,DEPARTMENT) values (28,9,'2024 하반기 SK하이닉스 신입사원 모집','신입','09:00','18:00','6000만원',to_date('24/09/26','RR/MM/DD'),'안녕하십니까, SK하이닉스 입니다.
SK하이닉스는 83년 현대전자로 첫 출발한 이후 수많은 변화와 위기 속에서도 새로운 도전으로 전진하며 글로벌 반도체 선도 기업으로 성장해 왔습니다.
이제 기술 혁신을 기반으로 ‘세계 최고의 반도체 회사’라는 Vision를 향해 나아가고 있습니다.
‘기술’은 사회 변화의 근본이자, 방향을 결정짓는 핵심 요소입니다. 반도체는 그 기술의 핵심 요소로, ICT 산업의 동력이자 대상으로 떠올랐습니다.
SK하이닉스는 날로 빠르게 변화하는 ICT업계의 흐름과 불확실성에 대응해 복잡 다양해지는 고객 Needs를 연구하고, 시장에 한 발 앞선 솔루션을 제공하기 위해 전력을 다하고 있습니다.
기술 한계를 넘어선 성능 확보와 차세대 제품 협력을 통해 공급자를 넘어 가치를 창조하는 파트너로서 고객 관계를 확장해 나갈 것입니다.
또한 SK그룹의 일원으로서 재무적 성과(Economic Value)와 사회적 가치(Social Value)를 동시에 창출하는 DBL(Double Bottom Line) 경영을 추진하며 우리 사회와
인류를 향한 변화에 앞서가겠습니다. SK하이닉스를 믿고 함께 해주시는 주주와 고객, 협력사, 정부와 주민을 포함한 모든 이해관계자들께 감사드립니다.
보내주신 사랑과 관심을 잊지 않고 기대를 넘어 모두가 자랑스러워하는 기업으로 성장하겠습니다.
감사합니다.','▶선발 직무(총 10개 직무)
- 설계, 소자, R&D 공정, R&D 공정(PKG 개발), Product Engineering, Application Engineering, Solution 설계, Solution SW, Solution PE, 양산/기술(Package&Test)','성승빈','010-6425-9561',to_date('24/05/22','RR/MM/DD'),'정규직','생산');
Insert into CATWORK.POST_TB (POST_IDX,USER_IDX,TITLE,CAREER,GOWORK,GOHOME,SALARY,DEADLINE,INTRO,EXPLAIN,MANAGER,MPHONE,CREATED,JOBTYPE,DEPARTMENT) values (29,10,'IB부문 경력직 채용','3년이상','09:00','18:00','6000만원',to_date('24/05/30','RR/MM/DD'),'01
미래에셋은 경쟁력의 관점에서
투자 기업을 봅니다.
경쟁력 있는 기업이란 시장지위, 사업구조, 지배구조, 이익성장성의 관점에서 탁월한 경쟁우위가 있는 기업을 의미 합니다. 주가는 결국 이익 성장 추세(Earning Growth)와 이에 따른 현금흐름을 따라 갑니다.
따라서 경쟁력의 관점에서 투자기업을 보는 것은 기업이 이익을 안정적으로 성장 시킬 수 있는 High Quality가 있는지 판단하는 것입니다.
 
02
미래에셋은 장기적인 관점에서
투자합니다.
장기적 관점이란 기업의 경쟁력이 지속될 수 있는지를 판단하는 것입니다. 투자기업의 성과는 단기적으로 변동이 있을 수 있지만 장기적으로는 기업의 이익성장에 따라 좌우됩니다.
단기적 시장 부침에 대응하기 보다는 기업의 본질적인 경쟁력에 투자하여 안정적인 현금흐름을 창출하는 것이 장기투자의 핵심입니다.','채용부문
- 기업금융본부 (기업금융 관련 투자, 인수, 주선 및 사후관리 실무)
  고용형태: 전문계약직 (개별 협의)



담당업무
- 국내 기업 대상 ECM/DCM/구조화금융 분야 등에 대한 Deal Sourcing 및 증권 발행 실무
- 투자/인수/주선 등을 위한 시장 리서치, 기업 분석, 리스크 분석, 구조화/상품화및 세일즈
- 투자 포지션 운용 및 사후관리



자격요건
- 국내외 금융시장 및 IB 업무에 대한 이해
- 실무 투자 및 기업금융에 대한 이해 및 분석 역량
- 동종업계 경력 무관. 단 금융기관/회계법인/기업자금팀 등 유관업무 경력자 우대','봉경준','010-6603-9971',to_date('24/05/22','RR/MM/DD'),'계약직','금융');
Insert into CATWORK.POST_TB (POST_IDX,USER_IDX,TITLE,CAREER,GOWORK,GOHOME,SALARY,DEADLINE,INTRO,EXPLAIN,MANAGER,MPHONE,CREATED,JOBTYPE,DEPARTMENT) values (15,5,'마케팅 인력 채용','신입','09:00','18:00','6000만원',to_date('24/06/28','RR/MM/DD'),'대한민국 1위 기업','포트폴리오 필수','권진경','010-8348-1580',to_date('24/05/22','RR/MM/DD'),'계약직','마케팅');
Insert into CATWORK.POST_TB (POST_IDX,USER_IDX,TITLE,CAREER,GOWORK,GOHOME,SALARY,DEADLINE,INTRO,EXPLAIN,MANAGER,MPHONE,CREATED,JOBTYPE,DEPARTMENT) values (16,5,'디자인팀장 채용','7년이상','09:00','18:00','9000만원',to_date('24/09/05','RR/MM/DD'),'대한민국 1위 기업','디자인부장 밑에서 업무 인수인계 받으며 부재시에 대리 임무 수행 가능하신 분을 구합니다','백주옥','010-0867-2886',to_date('24/05/22','RR/MM/DD'),'정규직','디자인');
Insert into CATWORK.POST_TB (POST_IDX,USER_IDX,TITLE,CAREER,GOWORK,GOHOME,SALARY,DEADLINE,INTRO,EXPLAIN,MANAGER,MPHONE,CREATED,JOBTYPE,DEPARTMENT) values (17,5,'디자인 인력 채용','신입','09:00','18:00','6000만원',to_date('24/06/12','RR/MM/DD'),'대한민국 1위 기업','포트폴리오 필수','백주옥','010-0867-2886',to_date('24/05/22','RR/MM/DD'),'계약직','디자인');
Insert into CATWORK.POST_TB (POST_IDX,USER_IDX,TITLE,CAREER,GOWORK,GOHOME,SALARY,DEADLINE,INTRO,EXPLAIN,MANAGER,MPHONE,CREATED,JOBTYPE,DEPARTMENT) values (18,5,'고객센터 인력 채용','신입','09:00','18:00','5000만원',to_date('24/06/17','RR/MM/DD'),'대한민국 1위 기업','고객님들의 불편함 해소를 위한 고객센터창구 직원 구함','임미정','010-2399-4761',to_date('24/05/22','RR/MM/DD'),'계약직','고객상담');
Insert into CATWORK.POST_TB (POST_IDX,USER_IDX,TITLE,CAREER,GOWORK,GOHOME,SALARY,DEADLINE,INTRO,EXPLAIN,MANAGER,MPHONE,CREATED,JOBTYPE,DEPARTMENT) values (19,5,'직원식당 주방장 채용','10년이상','09:00','18:00','1억2000만원',to_date('24/07/05','RR/MM/DD'),'대한민국 1위 기업','직원식당의 인수인계받고 업무수행 잘하실 주방장 구합니다','오은미','010-7247-7530',to_date('24/05/22','RR/MM/DD'),'정규직','요식업');
Insert into CATWORK.POST_TB (POST_IDX,USER_IDX,TITLE,CAREER,GOWORK,GOHOME,SALARY,DEADLINE,INTRO,EXPLAIN,MANAGER,MPHONE,CREATED,JOBTYPE,DEPARTMENT) values (20,5,'청소직원 채용','신입','09:00','18:00','3500만원',to_date('24/05/22','RR/MM/DD'),'대한민국 1위 기업','청소팀에 들어오시면 본사 건물 청소에 대해 인수인계 예정','심창진','010-4925-2974',to_date('24/05/22','RR/MM/DD'),'계약직','복지');
Insert into CATWORK.POST_TB (POST_IDX,USER_IDX,TITLE,CAREER,GOWORK,GOHOME,SALARY,DEADLINE,INTRO,EXPLAIN,MANAGER,MPHONE,CREATED,JOBTYPE,DEPARTMENT) values (21,6,'영업사원 채용','신입','09:00','18:00','3500만원',to_date('24/05/23','RR/MM/DD'),'고객의 미래를 책임지겠습니다','이 업무는 말을 조리있게 잘하셔야합니다
긍정적이고 밝으신 분께서 지원해주셨으면 좋겠습니다','강태훈','010-5789-3243',to_date('24/05/22','RR/MM/DD'),'계약직','영업');
Insert into CATWORK.POST_TB (POST_IDX,USER_IDX,TITLE,CAREER,GOWORK,GOHOME,SALARY,DEADLINE,INTRO,EXPLAIN,MANAGER,MPHONE,CREATED,JOBTYPE,DEPARTMENT) values (22,6,'고객센터 상담원 채용','신입','09:00','18:00','5000만원',to_date('24/05/27','RR/MM/DD'),'고객의 미래를 책임지겠습니다','고객님들의 불편함 해소를 위한 고객센터창구 직원 구함','홍지영','010-6159-4823',to_date('24/05/22','RR/MM/DD'),'계약직','고객상담');
Insert into CATWORK.POST_TB (POST_IDX,USER_IDX,TITLE,CAREER,GOWORK,GOHOME,SALARY,DEADLINE,INTRO,EXPLAIN,MANAGER,MPHONE,CREATED,JOBTYPE,DEPARTMENT) values (23,7,'2024년도 제2차 4직급 전문인력 채용','신입','09:00','18:00','6000만원',to_date('24/06/05','RR/MM/DD'),'국민의 밤을 밝게 비추겠습니다','송변전건설 관련 업무','홍영태','010-8293-1089',to_date('24/05/22','RR/MM/DD'),'정규직','엔지니어링');
Insert into CATWORK.POST_TB (POST_IDX,USER_IDX,TITLE,CAREER,GOWORK,GOHOME,SALARY,DEADLINE,INTRO,EXPLAIN,MANAGER,MPHONE,CREATED,JOBTYPE,DEPARTMENT) values (24,7,'2024년도 NDIS데이터관리원 채용','신입','09:00','18:00','5500만원',to_date('24/05/30','RR/MM/DD'),'국민의 밤을 밝게 비추겠습니다','데이터 관리','이형수','010-2800-3751',to_date('24/05/22','RR/MM/DD'),'계약직','개발');
Insert into CATWORK.POST_TB (POST_IDX,USER_IDX,TITLE,CAREER,GOWORK,GOHOME,SALARY,DEADLINE,INTRO,EXPLAIN,MANAGER,MPHONE,CREATED,JOBTYPE,DEPARTMENT) values (25,8,'방사선사 채용','2년이상','09:00','18:00','5000만원',to_date('24/06/02','RR/MM/DD'),'1946년 국내 최초의 생명보험사로 설립된 한화생명은 2002년 12월 한화그룹의 새 가족으로 출발하면서 ‘국민과 함께 하는 기업, 국민속의 기업’으로 제2의 역사를 만들어 가고 있습니다. 전국 7개 영업지원단, 71개 지점, 1천여 영업소 등 영업 인프라를 기반으로 1천만 계약자의 미래를 책임지고 있는 대한생명은 급변하는 금융경쟁 환경을 극복하고 보험업계를 선도하는 회사로 자리매김하기 위해 보험영업, 자산운용, 상품개발, 리스크 관리 등 제반부문에서 글로벌 스탠더드에 입각한 선진경영 체제를 구축, 운영하고 있습니다.
[ 경영원칙 ]
* 전략경영
대규모조직이 급변하는 환경에 유연하게 대응하기 위해서는 사전에 미리 예측하고 준비하여 신속하게 실행하는 것이 무엇보다 중요합니다. 이를 위해 선견, 선수, 선제(先見, 先手, 先制) 경영을 추진하겠습니다. 또 예측의 어려움으로 인해 발생할 수 있는 시행착오와 리스크를 최대한 줄일 수 있도록 사전에 여러가지 상황을 설정하고 그에 맞추어 대응해 나가는 시나리오 경영도 실천할 것입니다. 이와 함께 제한된 자원을 효율적으로 활용하여 성과를 극대화할 수 있도록 선택과 집중에 의한 차별화전략인 Different NO.1 전략을 추진할 것입니다.

* 고객중심경영 
모든 경영의 중심은 고객이기 때문에 향후 영업의 KEY-WORD를 “고객”으로 삼고 고객의 변화된 니즈를 찾아내 상품을 개발하고 서비스를 제공할 것입니다. 이를 위해 회사는 상품 개발부터 판매과정, 판매 후 서비스에 이르기까지 모든 과정에 고객만족도를 높이는 방향으로 조직과 시스템을 개선해나갈 것입니다. ','담당업무
 - 방사선사 업무 수행
 - 방사선사 고유업무인 영상의학 검사업무 수행 (흉부X선, 위투시촬영, 초음파, 유방X선, 골밀도)


자격요건
 - 학력: 초대졸 이상/방사선학과 전공자
 - 경력: 해당 직무 수행경력 최소 2년 이상
 - 전문지식: 방사선학 전문지식 및 영상의학 검사장비 운용 경험
 - 자격증: 방사선사 면허 소지자


우대사항
 - 초음파검사, 위투시검사 경험자(우대)/ 2년이상 임상 및 검사업무 경력자','하규현','010-8720-8830',to_date('24/05/22','RR/MM/DD'),'계약직','의료');
Insert into CATWORK.POST_TB (POST_IDX,USER_IDX,TITLE,CAREER,GOWORK,GOHOME,SALARY,DEADLINE,INTRO,EXPLAIN,MANAGER,MPHONE,CREATED,JOBTYPE,DEPARTMENT) values (30,11,'2024년 현대자동차 울산공장 촉탁계약직(기간제) 채용','신입','09:00','18:00','6000만원',to_date('24/05/28','RR/MM/DD'),'1선택적 근로시간제
자발적인 업무 몰입환경 조성을 위해 핵심
근무시간(오전 10시~오후 4시)외에 출퇴근
시간을 개인별 상황에 따라 자율적으로 선택
할 수 있습니다.

2거점오피스 운영
출퇴근 시간 단축 및 다양한 근무 형태에
따른 유연한 업무를 위해 서울/경인지역 내
8개의 거점 오피스(H-Work Station)를 운영
하고 있습니다.

3재택근무
재택근무는 정식 근무형태 중 한가지로,
재택근무에 필요한 사무기기와 인프라를 지
원합니다.

4다양한 휴게 공간
업무 중간 중간 적절한 휴식과 재충전의
시간을 위해 안마의자, 수면 등이 가능한
아늑한 휴게공간을 제공합니다.

5통근 지원
전국에 있는 사업장별 지역 특성과 교통편을
고려하여, 안전하고 편안하게 통근할 수 있도
록 통근버스를 운영하고 있습니다.

6식사 및 간식 지원
위생적이고 영양가 높은 식사를 제공하기
위해 사업장 내 임직원 식당을 운영중이며,
간식 코너도 함께 지원합니다.','조직소개
 - 현대자동차 울산공장 내 생산한시성 소요처 근무 (프레스/의장/차체/도장 등)
직무상세
 - 자동차 생산 관련 업무
지원자격
 - 고등학교 졸업자 또는 동등 학력 소지자
 - 자동차생산 업무 수행에 건강상 결격 사유가 없으신 분

우대사항
※ 국가기술 자격증 보유자 우대(지게차운전, 대형운전, 특수용접 등)','하승철','010-9267-5504',to_date('24/05/22','RR/MM/DD'),'계약직','생산');
Insert into CATWORK.POST_TB (POST_IDX,USER_IDX,TITLE,CAREER,GOWORK,GOHOME,SALARY,DEADLINE,INTRO,EXPLAIN,MANAGER,MPHONE,CREATED,JOBTYPE,DEPARTMENT) values (31,12,'2024년 사무직군 채용','무관','09:00','18:00','3500만원',to_date('24/06/26','RR/MM/DD'),'삼성화재는 국내 및 해외시장에서 개인과 기업 고객 대상으로 화재, 해상, 자동차, 배상책임, 장기손해보험, 개인연금 등 다양한 보험상품과 종합 Risk Solution 서비스를 제공하고 있는 국내 1위 손해보험사 입니다.','계약유지관리 및 가입설계지원','조은숙','010-3838-2923',to_date('24/05/22','RR/MM/DD'),'정규직','사무');
Insert into CATWORK.POST_TB (POST_IDX,USER_IDX,TITLE,CAREER,GOWORK,GOHOME,SALARY,DEADLINE,INTRO,EXPLAIN,MANAGER,MPHONE,CREATED,JOBTYPE,DEPARTMENT) values (32,13,'2024년 일반직 신입 채용','신입','09:00','18:00','5000만원',to_date('24/05/28','RR/MM/DD'),'KOGAS는 청정 에너지인 천연가스의 공급을 통한 국민생활의 편익 증진 및 복리 향상을 위하여 1983년 8월에 설립되었습니다.
KOGAS의 주요업무는 LNG 인수기지와 천연가스 공급배관망을 건설하고 해외에서 LNG를 수입하여 인수기지에서 재기화한 후도시가스사와 발전소에 안정적으로 공급하는 것입니다.
LNG는 주로 중동아시아(카타르, 오만, 예멘, 이집트), 동남아시아(인도네시아, 말레이시아, 브루나이), 러시아(사할린),호주, 미국 등에서 도입하고 있습니다.
KOGAS는 국민생활의 편익증진 및 복리향상을 위해 “전국천연가스 공급사업”을 지속적으로 추진하여 1986년 평택화력발전에천연가스를 공급한 이래, 1987년 수도권 지역, 1993년 중부권, 1995년 영·호남, 1999년 서해권, 2002년 강원권에천연가스 공급을 시작하였고, 전국적인 주배관 건설공사가 완료됨에 따라 하나의 환상망을 구축하여 안정적으로 가스를 공급할 수 있게되었습니다. 더 나아가 2009년부터 미공급지역에 가스를 공급하고, 2019년 제주권 천연가스 공급을 개시하는 등 에너지 복지구현 및 지역균형 발전에 기여하고자 공급망 확대사업을 지속적으로 추진하고 있습니다. 현재 운영중인 배관길이는 2023.12월 기준총 5,178km이며 2022년 12월 기준 216개 시군, 19,992천 세대(보급률 85.4%)에 천연가스를 공급ㆍ운영하고있습니다.','경영관리/경영지원/마케팅/해외사업','조우진','010-5414-7305',to_date('24/05/22','RR/MM/DD'),'정규직','사무');
Insert into CATWORK.POST_TB (POST_IDX,USER_IDX,TITLE,CAREER,GOWORK,GOHOME,SALARY,DEADLINE,INTRO,EXPLAIN,MANAGER,MPHONE,CREATED,JOBTYPE,DEPARTMENT) values (33,14,'금융소비자보호본부 민원대응팀 (사내변호사) 채용','2년이상','09:00','18:00','7000만원',to_date('24/05/26','RR/MM/DD'),'NH투자증원이 새로운 투자세상을 이끌어갑니다','주요민원 및 VOC 회신문에 대한 법률자문 및 검토
대량 민원발생 가능 이슈에 대한 대응방안 마련 시 내부 법률자문 수행
기타 사내 변호사로서 회사가 부여한 업무','최성재','010-7897-9095',to_date('24/05/22','RR/MM/DD'),'계약직','고객상담');
Insert into CATWORK.POST_TB (POST_IDX,USER_IDX,TITLE,CAREER,GOWORK,GOHOME,SALARY,DEADLINE,INTRO,EXPLAIN,MANAGER,MPHONE,CREATED,JOBTYPE,DEPARTMENT) values (39,20,'[현대해상] 채용연계 개발자 공개채용','신입','09:00','18:00','5000만원',to_date('24/05/31','RR/MM/DD'),'사회적 책임을 다하는 기업','홈페이지 유지보수 및 개발','정광혁','010-0063-8975',to_date('24/05/22','RR/MM/DD'),'계약직','개발');
Insert into CATWORK.POST_TB (POST_IDX,USER_IDX,TITLE,CAREER,GOWORK,GOHOME,SALARY,DEADLINE,INTRO,EXPLAIN,MANAGER,MPHONE,CREATED,JOBTYPE,DEPARTMENT) values (40,21,'2024 상반기 개발자 신입 채용','신입','09:00','18:00','4000만원',to_date('24/05/25','RR/MM/DD'),'키움증권은 현재의 위치를 소중히 여기면서도, 끊임없는 도전과 혁신을 통해 발전을 이루어내고자 합니다.

첫째, 리스크관리를 위해 최선의 노력을 다하겠습니다.
금융산업이 직면한 변화에 적극적으로 대응하여 키움증권의 강점과 역량을 지속적으로 강화할 것을 약속 드립니다. 다양한 위기에 빠르게 대처하고, 변화하는 환경에 선제적으로 대응하기 위해 회사 전체의 능력을 강화시킬 것입니다. 더불어, 효율적이고 투명한 내부 프로세스를 구축함으로써 운영리스크를 최소화하고, 더욱 안정적인 영업 환경을 조성하도록 노력하겠습니다.

둘째, 변화를 두려워하지 않고 발전해 나가겠습니다.
디지털 트랜스포메이션을 위한 노력을 가속화하여 키움증권의 경쟁력을 한 단계 발전시킬 것입니다. 키움증권이 보유한 혁신적인 기술과 데이터를 활용하여 업계를 선도해 나가며, 디지털화를 통해 고객에게 보다 편리하고 직관적인 종합금융플랫폼으로써 서비스를 제공, 고객자산 증대를 최우선 가치로 삼겠습니다.

셋째, 고객, 주주, 사회와 함께하는 회사가 되겠습니다.
고객의 요구에 신속하게 대응하는 동시에, 소비자보호를 최우선으로 여기며 신뢰할 수 있는 서비스를 제공하도록 하겠습니다. 또한, 지속 가능한 성장과 이익 창출을 통해 주주에게 최고의 가치를 제공하고, 다양한 사회공헌 활동을 펼치며 사회적 책임을 다하는 회사로 성장하겠습니다.

키움증권의 여정은 시작에 불과합니다. 투명하고 효율적인 경영으로 고객과 주주들에게 더 큰 가치를 제공하고, 함께 더 높은 목표를 향해 나아가며 새로운 가능성을 만들어 나가겠습니다.','홈페이지 유지보수 및 개발','송윤자','010-5127-1117',to_date('24/05/22','RR/MM/DD'),'정규직','개발');
Insert into CATWORK.POST_TB (POST_IDX,USER_IDX,TITLE,CAREER,GOWORK,GOHOME,SALARY,DEADLINE,INTRO,EXPLAIN,MANAGER,MPHONE,CREATED,JOBTYPE,DEPARTMENT) values (14,5,'마케팅팀장 채용','5년이상','09:00','18:00','8000만원',to_date('24/07/17','RR/MM/DD'),'대한민국 1위 기업','마케팅부장 밑에서 업무 인수인계 받으며 부재시에 대리 임무 수행 가능하신 분을 구합니다','권진경','010-8348-1580',to_date('24/05/22','RR/MM/DD'),'정규직','마케팅');
Insert into CATWORK.POST_TB (POST_IDX,USER_IDX,TITLE,CAREER,GOWORK,GOHOME,SALARY,DEADLINE,INTRO,EXPLAIN,MANAGER,MPHONE,CREATED,JOBTYPE,DEPARTMENT) values (42,23,'[코레일로지스] 제3차 직원 채용','무관','09:00','18:00','4500만원',to_date('24/05/23','RR/MM/DD'),'철도는 한 세기 훌쩍 넘는 세월 동안 우리의 일상과 같이하며, 매일 출퇴근길 국민의 발이 되고, 때로는 여행의 동반자로 함께하고 있습니다.

세계 5번째로 개통한 KTX는 전국을 2시간대 생활권으로 만들고, 연간 1억여 명이 타고 내리며 20년 가까이 달려왔습니다. 이제는 명실상부한 대한민국의 대표 교통수단입니다.

코레일은 국민의 안전과 생명을 지키는 ''사람 중심의 안전''을 만들어 나가겠습니다. 고객이 안심하고 열차를 탈 수 있도록 직원 한 명, 한 명이 각자의 자리에서 최선을 다하고 있습니다.

전국을 촘촘히 연결하는 친환경 열차는 미래 교통을 여는 열쇠이기도 합니다. 앞으로도 더 많은 사람이 더욱 편하게 여행할 수 있는 서비스와 상품을 만들고 첨단 기술로 국민과 직원 안전에 힘을 쏟겠습니다.

국민에게 사랑받는 철도,
신뢰받는 철도가 되는 내일을 위해 더욱 열심히 달리겠습니다.

여러분의 관심과 성원을 부탁드립니다. 감사합니다.

한국철도공사 사장
한 문 희','홈페이지 유지보수 및 개발','권상현','010-3281-0350',to_date('24/05/22','RR/MM/DD'),'정규직','개발');
Insert into CATWORK.POST_TB (POST_IDX,USER_IDX,TITLE,CAREER,GOWORK,GOHOME,SALARY,DEADLINE,INTRO,EXPLAIN,MANAGER,MPHONE,CREATED,JOBTYPE,DEPARTMENT) values (43,24,'신입구함','신입','09:00','18:00','3000만원',to_date('24/05/31','RR/MM/DD'),'고객과 함께하는 LED 세상을 만들겠습니다','홈페이지 유지보수 및 개발','정서정','010-8440-5989',to_date('24/05/22','RR/MM/DD'),'계약직','개발');
REM INSERTING into CATWORK.RATE_TB
SET DEFINE OFF;
Insert into CATWORK.RATE_TB (RATE_IDX,PER_IDX,COM_IDX,RATING,CREATED) values (4,1,19,7,to_date('24/05/23','RR/MM/DD'));
Insert into CATWORK.RATE_TB (RATE_IDX,PER_IDX,COM_IDX,RATING,CREATED) values (1,1,1,8,to_date('24/05/22','RR/MM/DD'));
Insert into CATWORK.RATE_TB (RATE_IDX,PER_IDX,COM_IDX,RATING,CREATED) values (2,1,1,10,to_date('24/05/22','RR/MM/DD'));
Insert into CATWORK.RATE_TB (RATE_IDX,PER_IDX,COM_IDX,RATING,CREATED) values (5,1,1,7,to_date('24/05/23','RR/MM/DD'));
Insert into CATWORK.RATE_TB (RATE_IDX,PER_IDX,COM_IDX,RATING,CREATED) values (3,1,1,7,to_date('24/05/22','RR/MM/DD'));
REM INSERTING into CATWORK.RESUME_SKILL_TB
SET DEFINE OFF;
Insert into CATWORK.RESUME_SKILL_TB (RESKILL_IDX,RESUME_IDX,SKILL_IDX) values (18,3,3);
Insert into CATWORK.RESUME_SKILL_TB (RESKILL_IDX,RESUME_IDX,SKILL_IDX) values (19,3,4);
Insert into CATWORK.RESUME_SKILL_TB (RESKILL_IDX,RESUME_IDX,SKILL_IDX) values (20,6,1);
Insert into CATWORK.RESUME_SKILL_TB (RESKILL_IDX,RESUME_IDX,SKILL_IDX) values (17,3,1);
Insert into CATWORK.RESUME_SKILL_TB (RESKILL_IDX,RESUME_IDX,SKILL_IDX) values (21,6,4);
Insert into CATWORK.RESUME_SKILL_TB (RESKILL_IDX,RESUME_IDX,SKILL_IDX) values (22,6,6);
Insert into CATWORK.RESUME_SKILL_TB (RESKILL_IDX,RESUME_IDX,SKILL_IDX) values (23,7,6);
Insert into CATWORK.RESUME_SKILL_TB (RESKILL_IDX,RESUME_IDX,SKILL_IDX) values (24,7,1);
Insert into CATWORK.RESUME_SKILL_TB (RESKILL_IDX,RESUME_IDX,SKILL_IDX) values (25,7,3);
Insert into CATWORK.RESUME_SKILL_TB (RESKILL_IDX,RESUME_IDX,SKILL_IDX) values (26,8,3);
Insert into CATWORK.RESUME_SKILL_TB (RESKILL_IDX,RESUME_IDX,SKILL_IDX) values (27,8,1);
Insert into CATWORK.RESUME_SKILL_TB (RESKILL_IDX,RESUME_IDX,SKILL_IDX) values (28,8,8);
Insert into CATWORK.RESUME_SKILL_TB (RESKILL_IDX,RESUME_IDX,SKILL_IDX) values (29,9,1);
Insert into CATWORK.RESUME_SKILL_TB (RESKILL_IDX,RESUME_IDX,SKILL_IDX) values (30,9,3);
Insert into CATWORK.RESUME_SKILL_TB (RESKILL_IDX,RESUME_IDX,SKILL_IDX) values (31,9,4);
Insert into CATWORK.RESUME_SKILL_TB (RESKILL_IDX,RESUME_IDX,SKILL_IDX) values (32,10,1);
Insert into CATWORK.RESUME_SKILL_TB (RESKILL_IDX,RESUME_IDX,SKILL_IDX) values (33,10,7);
Insert into CATWORK.RESUME_SKILL_TB (RESKILL_IDX,RESUME_IDX,SKILL_IDX) values (34,11,1);
Insert into CATWORK.RESUME_SKILL_TB (RESKILL_IDX,RESUME_IDX,SKILL_IDX) values (35,11,4);
Insert into CATWORK.RESUME_SKILL_TB (RESKILL_IDX,RESUME_IDX,SKILL_IDX) values (36,11,3);
Insert into CATWORK.RESUME_SKILL_TB (RESKILL_IDX,RESUME_IDX,SKILL_IDX) values (37,12,1);
Insert into CATWORK.RESUME_SKILL_TB (RESKILL_IDX,RESUME_IDX,SKILL_IDX) values (38,12,3);
Insert into CATWORK.RESUME_SKILL_TB (RESKILL_IDX,RESUME_IDX,SKILL_IDX) values (39,12,8);
Insert into CATWORK.RESUME_SKILL_TB (RESKILL_IDX,RESUME_IDX,SKILL_IDX) values (40,13,1);
Insert into CATWORK.RESUME_SKILL_TB (RESKILL_IDX,RESUME_IDX,SKILL_IDX) values (41,13,6);
Insert into CATWORK.RESUME_SKILL_TB (RESKILL_IDX,RESUME_IDX,SKILL_IDX) values (42,13,3);
Insert into CATWORK.RESUME_SKILL_TB (RESKILL_IDX,RESUME_IDX,SKILL_IDX) values (43,14,1);
Insert into CATWORK.RESUME_SKILL_TB (RESKILL_IDX,RESUME_IDX,SKILL_IDX) values (44,14,5);
Insert into CATWORK.RESUME_SKILL_TB (RESKILL_IDX,RESUME_IDX,SKILL_IDX) values (45,14,6);
Insert into CATWORK.RESUME_SKILL_TB (RESKILL_IDX,RESUME_IDX,SKILL_IDX) values (46,15,1);
Insert into CATWORK.RESUME_SKILL_TB (RESKILL_IDX,RESUME_IDX,SKILL_IDX) values (47,15,4);
Insert into CATWORK.RESUME_SKILL_TB (RESKILL_IDX,RESUME_IDX,SKILL_IDX) values (48,15,3);
Insert into CATWORK.RESUME_SKILL_TB (RESKILL_IDX,RESUME_IDX,SKILL_IDX) values (49,16,8);
Insert into CATWORK.RESUME_SKILL_TB (RESKILL_IDX,RESUME_IDX,SKILL_IDX) values (50,16,7);
Insert into CATWORK.RESUME_SKILL_TB (RESKILL_IDX,RESUME_IDX,SKILL_IDX) values (51,16,1);
Insert into CATWORK.RESUME_SKILL_TB (RESKILL_IDX,RESUME_IDX,SKILL_IDX) values (52,17,1);
Insert into CATWORK.RESUME_SKILL_TB (RESKILL_IDX,RESUME_IDX,SKILL_IDX) values (53,17,3);
Insert into CATWORK.RESUME_SKILL_TB (RESKILL_IDX,RESUME_IDX,SKILL_IDX) values (54,17,5);
Insert into CATWORK.RESUME_SKILL_TB (RESKILL_IDX,RESUME_IDX,SKILL_IDX) values (55,18,1);
Insert into CATWORK.RESUME_SKILL_TB (RESKILL_IDX,RESUME_IDX,SKILL_IDX) values (56,18,2);
Insert into CATWORK.RESUME_SKILL_TB (RESKILL_IDX,RESUME_IDX,SKILL_IDX) values (57,18,5);
Insert into CATWORK.RESUME_SKILL_TB (RESKILL_IDX,RESUME_IDX,SKILL_IDX) values (58,19,1);
Insert into CATWORK.RESUME_SKILL_TB (RESKILL_IDX,RESUME_IDX,SKILL_IDX) values (59,19,3);
Insert into CATWORK.RESUME_SKILL_TB (RESKILL_IDX,RESUME_IDX,SKILL_IDX) values (60,19,6);
Insert into CATWORK.RESUME_SKILL_TB (RESKILL_IDX,RESUME_IDX,SKILL_IDX) values (61,20,1);
Insert into CATWORK.RESUME_SKILL_TB (RESKILL_IDX,RESUME_IDX,SKILL_IDX) values (62,20,8);
Insert into CATWORK.RESUME_SKILL_TB (RESKILL_IDX,RESUME_IDX,SKILL_IDX) values (63,20,6);
Insert into CATWORK.RESUME_SKILL_TB (RESKILL_IDX,RESUME_IDX,SKILL_IDX) values (64,21,1);
Insert into CATWORK.RESUME_SKILL_TB (RESKILL_IDX,RESUME_IDX,SKILL_IDX) values (65,21,3);
Insert into CATWORK.RESUME_SKILL_TB (RESKILL_IDX,RESUME_IDX,SKILL_IDX) values (66,21,4);
Insert into CATWORK.RESUME_SKILL_TB (RESKILL_IDX,RESUME_IDX,SKILL_IDX) values (67,22,1);
Insert into CATWORK.RESUME_SKILL_TB (RESKILL_IDX,RESUME_IDX,SKILL_IDX) values (68,22,6);
Insert into CATWORK.RESUME_SKILL_TB (RESKILL_IDX,RESUME_IDX,SKILL_IDX) values (69,22,7);
Insert into CATWORK.RESUME_SKILL_TB (RESKILL_IDX,RESUME_IDX,SKILL_IDX) values (70,23,1);
Insert into CATWORK.RESUME_SKILL_TB (RESKILL_IDX,RESUME_IDX,SKILL_IDX) values (71,23,6);
Insert into CATWORK.RESUME_SKILL_TB (RESKILL_IDX,RESUME_IDX,SKILL_IDX) values (72,23,5);
Insert into CATWORK.RESUME_SKILL_TB (RESKILL_IDX,RESUME_IDX,SKILL_IDX) values (73,24,2);
Insert into CATWORK.RESUME_SKILL_TB (RESKILL_IDX,RESUME_IDX,SKILL_IDX) values (74,24,1);
Insert into CATWORK.RESUME_SKILL_TB (RESKILL_IDX,RESUME_IDX,SKILL_IDX) values (75,24,7);
Insert into CATWORK.RESUME_SKILL_TB (RESKILL_IDX,RESUME_IDX,SKILL_IDX) values (76,25,1);
Insert into CATWORK.RESUME_SKILL_TB (RESKILL_IDX,RESUME_IDX,SKILL_IDX) values (77,25,4);
Insert into CATWORK.RESUME_SKILL_TB (RESKILL_IDX,RESUME_IDX,SKILL_IDX) values (78,25,2);
Insert into CATWORK.RESUME_SKILL_TB (RESKILL_IDX,RESUME_IDX,SKILL_IDX) values (79,26,1);
Insert into CATWORK.RESUME_SKILL_TB (RESKILL_IDX,RESUME_IDX,SKILL_IDX) values (80,26,2);
Insert into CATWORK.RESUME_SKILL_TB (RESKILL_IDX,RESUME_IDX,SKILL_IDX) values (81,26,4);
Insert into CATWORK.RESUME_SKILL_TB (RESKILL_IDX,RESUME_IDX,SKILL_IDX) values (82,27,1);
Insert into CATWORK.RESUME_SKILL_TB (RESKILL_IDX,RESUME_IDX,SKILL_IDX) values (83,27,4);
Insert into CATWORK.RESUME_SKILL_TB (RESKILL_IDX,RESUME_IDX,SKILL_IDX) values (84,27,6);
Insert into CATWORK.RESUME_SKILL_TB (RESKILL_IDX,RESUME_IDX,SKILL_IDX) values (85,28,1);
Insert into CATWORK.RESUME_SKILL_TB (RESKILL_IDX,RESUME_IDX,SKILL_IDX) values (86,28,8);
Insert into CATWORK.RESUME_SKILL_TB (RESKILL_IDX,RESUME_IDX,SKILL_IDX) values (87,28,7);
Insert into CATWORK.RESUME_SKILL_TB (RESKILL_IDX,RESUME_IDX,SKILL_IDX) values (88,29,1);
Insert into CATWORK.RESUME_SKILL_TB (RESKILL_IDX,RESUME_IDX,SKILL_IDX) values (89,29,2);
Insert into CATWORK.RESUME_SKILL_TB (RESKILL_IDX,RESUME_IDX,SKILL_IDX) values (90,29,7);
Insert into CATWORK.RESUME_SKILL_TB (RESKILL_IDX,RESUME_IDX,SKILL_IDX) values (91,29,8);
Insert into CATWORK.RESUME_SKILL_TB (RESKILL_IDX,RESUME_IDX,SKILL_IDX) values (92,29,5);
Insert into CATWORK.RESUME_SKILL_TB (RESKILL_IDX,RESUME_IDX,SKILL_IDX) values (93,2,1);
Insert into CATWORK.RESUME_SKILL_TB (RESKILL_IDX,RESUME_IDX,SKILL_IDX) values (94,2,2);
Insert into CATWORK.RESUME_SKILL_TB (RESKILL_IDX,RESUME_IDX,SKILL_IDX) values (95,2,8);
Insert into CATWORK.RESUME_SKILL_TB (RESKILL_IDX,RESUME_IDX,SKILL_IDX) values (96,2,6);
REM INSERTING into CATWORK.RESUME_TB
SET DEFINE OFF;
Insert into CATWORK.RESUME_TB (RESUME_IDX,USER_IDX,TITLE,IMAGE,LINK,INTRO,CREATED,TYPE) values (4,25,'자바 이력서 3','/img/logo_default.jpg','https://github.com/2Shiro/CaTch_Work','안녕하세요
열심히 하겠습니다
잘부탁드립니다',to_date('24/05/22','RR/MM/DD'),1);
Insert into CATWORK.RESUME_TB (RESUME_IDX,USER_IDX,TITLE,IMAGE,LINK,INTRO,CREATED,TYPE) values (2,25,'자바 이력서 1','/img/logo_default.jpg','https://github.com/2Shiro/CaTch_Work','안녕하세요
열심히 하겠습니다
잘부탁드립니다',to_date('24/05/22','RR/MM/DD'),1);
Insert into CATWORK.RESUME_TB (RESUME_IDX,USER_IDX,TITLE,IMAGE,LINK,INTRO,CREATED,TYPE) values (3,25,'자바 이력서 2','/img/logo_default.jpg','https://github.com/2Shiro/CaTch_Work','안녕하세요
열심히 하겠습니다
잘부탁드립니다',to_date('24/05/22','RR/MM/DD'),1);
Insert into CATWORK.RESUME_TB (RESUME_IDX,USER_IDX,TITLE,IMAGE,LINK,INTRO,CREATED,TYPE) values (5,25,'자바 이력서 4','/img/20240522_20240521_cblank_profile.jpg','https://github.com/2Shiro/CaTch_Work','안녕하세요
열심히 하겠습니다
잘부탁드립니다',to_date('24/05/22','RR/MM/DD'),1);
Insert into CATWORK.RESUME_TB (RESUME_IDX,USER_IDX,TITLE,IMAGE,LINK,INTRO,CREATED,TYPE) values (6,25,'자바 이력서 5','/img/20240522_20240521_cblank_profile.jpg','https://github.com/2Shiro/CaTch_Work','안녕하세요
열심히 하겠습니다
잘부탁드립니다',to_date('24/05/22','RR/MM/DD'),1);
Insert into CATWORK.RESUME_TB (RESUME_IDX,USER_IDX,TITLE,IMAGE,LINK,INTRO,CREATED,TYPE) values (7,25,'자바 이력서 6','/img/logo_default.jpg','https://github.com/2Shiro/CaTch_Work','안녕하세요
열심히 하겠습니다
잘부탁드립니다',to_date('24/05/22','RR/MM/DD'),1);
Insert into CATWORK.RESUME_TB (RESUME_IDX,USER_IDX,TITLE,IMAGE,LINK,INTRO,CREATED,TYPE) values (8,25,'자바 이력서 7','/img/20240522_20240522_20240517_cblank_profile.jpg','https://github.com/2Shiro/CaTch_Work','안녕하세요
열심히 하겠습니다
잘부탁드립니다',to_date('24/05/22','RR/MM/DD'),1);
Insert into CATWORK.RESUME_TB (RESUME_IDX,USER_IDX,TITLE,IMAGE,LINK,INTRO,CREATED,TYPE) values (9,25,'자바 이력서 8','/img/20240522_20240522_20240517_cblank_profile.jpg','https://github.com/2Shiro/CaTch_Work','안녕하세요
열심히 하겠습니다
잘부탁드립니다',to_date('24/05/22','RR/MM/DD'),1);
Insert into CATWORK.RESUME_TB (RESUME_IDX,USER_IDX,TITLE,IMAGE,LINK,INTRO,CREATED,TYPE) values (10,25,'자바 이력서 9','/img/logo_default.jpg','https://github.com/2Shiro/CaTch_Work','안녕하세요
열심히 하겠습니다
잘부탁드립니다',to_date('24/05/22','RR/MM/DD'),1);
Insert into CATWORK.RESUME_TB (RESUME_IDX,USER_IDX,TITLE,IMAGE,LINK,INTRO,CREATED,TYPE) values (11,26,'자바 이력서 21','/img/20240522_20240521_fillmoew.png','https://github.com/2Shiro/CaTch_Work','안녕하세요
열심히 하겠습니다
잘부탁드립니다',to_date('24/05/22','RR/MM/DD'),1);
Insert into CATWORK.RESUME_TB (RESUME_IDX,USER_IDX,TITLE,IMAGE,LINK,INTRO,CREATED,TYPE) values (12,27,'자바 이력서 31','/img/20240522_20240521_cblank_profile.jpg','https://github.com/2Shiro/CaTch_Work','안녕하세요
열심히 하겠습니다
잘부탁드립니다',to_date('24/05/22','RR/MM/DD'),1);
Insert into CATWORK.RESUME_TB (RESUME_IDX,USER_IDX,TITLE,IMAGE,LINK,INTRO,CREATED,TYPE) values (13,28,'자바 이력서 41','/img/20240522_20240521_CaTchWorkFavicon.png','https://github.com/2Shiro/CaTch_Work','안녕하세요
열심히 하겠습니다
잘부탁드립니다',to_date('24/05/22','RR/MM/DD'),1);
Insert into CATWORK.RESUME_TB (RESUME_IDX,USER_IDX,TITLE,IMAGE,LINK,INTRO,CREATED,TYPE) values (14,29,'자바 이력서 51','/img/20240522_20240522_cblank_profile.jpg','https://github.com/2Shiro/CaTch_Work','안녕하세요
열심히 하겠습니다
잘부탁드립니다',to_date('24/05/22','RR/MM/DD'),1);
Insert into CATWORK.RESUME_TB (RESUME_IDX,USER_IDX,TITLE,IMAGE,LINK,INTRO,CREATED,TYPE) values (15,30,'자바 이력서 61','/img/20240522_20240521_CaTchWorkFavicon.png','https://github.com/2Shiro/CaTch_Work','안녕하세요
열심히 하겠습니다
잘부탁드립니다',to_date('24/05/22','RR/MM/DD'),1);
Insert into CATWORK.RESUME_TB (RESUME_IDX,USER_IDX,TITLE,IMAGE,LINK,INTRO,CREATED,TYPE) values (16,31,'자바 이력서 71','/img/20240522_20240521_fillmoew.png','https://github.com/2Shiro/CaTch_Work','안녕하세요
열심히 하겠습니다
잘부탁드립니다',to_date('24/05/22','RR/MM/DD'),1);
Insert into CATWORK.RESUME_TB (RESUME_IDX,USER_IDX,TITLE,IMAGE,LINK,INTRO,CREATED,TYPE) values (17,32,'자바 이력서 81','/img/20240522_20240521_CaTchWorkFavicon.png','https://github.com/2Shiro/CaTch_Work','안녕하세요
열심히 하겠습니다
잘부탁드립니다',to_date('24/05/22','RR/MM/DD'),1);
Insert into CATWORK.RESUME_TB (RESUME_IDX,USER_IDX,TITLE,IMAGE,LINK,INTRO,CREATED,TYPE) values (18,33,'자바 이력서 91','/img/20240522_CaTchWork_logo.png','https://github.com/2Shiro/CaTch_Work','안녕하세요
열심히 하겠습니다
잘부탁드립니다',to_date('24/05/22','RR/MM/DD'),1);
Insert into CATWORK.RESUME_TB (RESUME_IDX,USER_IDX,TITLE,IMAGE,LINK,INTRO,CREATED,TYPE) values (19,34,'자바 이력서 101','/img/20240522_20240522_fillmoew.png','https://github.com/2Shiro/CaTch_Work','안녕하세요
열심히 하겠습니다
잘부탁드립니다',to_date('24/05/22','RR/MM/DD'),1);
Insert into CATWORK.RESUME_TB (RESUME_IDX,USER_IDX,TITLE,IMAGE,LINK,INTRO,CREATED,TYPE) values (20,35,'자바 이력서 111','/img/20240522_20240522_20240517_cblank_profile.jpg','https://github.com/2Shiro/CaTch_Work','안녕하세요
열심히 하겠습니다
잘부탁드립니다',to_date('24/05/22','RR/MM/DD'),1);
Insert into CATWORK.RESUME_TB (RESUME_IDX,USER_IDX,TITLE,IMAGE,LINK,INTRO,CREATED,TYPE) values (21,36,'자바 이력서 121','/img/20240522_20240517_20240517_20240517_CaTchWorkFavicon.png','https://github.com/2Shiro/CaTch_Work','안녕하세요
열심히 하겠습니다
잘부탁드립니다',to_date('24/05/22','RR/MM/DD'),1);
Insert into CATWORK.RESUME_TB (RESUME_IDX,USER_IDX,TITLE,IMAGE,LINK,INTRO,CREATED,TYPE) values (22,37,'자바 이력서 131','/img/20240522_20240517_cblank_profile.jpg','https://github.com/2Shiro/CaTch_Work','안녕하세요
열심히 하겠습니다
잘부탁드립니다',to_date('24/05/22','RR/MM/DD'),1);
Insert into CATWORK.RESUME_TB (RESUME_IDX,USER_IDX,TITLE,IMAGE,LINK,INTRO,CREATED,TYPE) values (23,38,'자바 이력서 141','/img/20240522_20240522_20240517_20240517_20240517_CaTchWorkFavicon.png','https://github.com/2Shiro/CaTch_Work','안녕하세요
열심히 하겠습니다
잘부탁드립니다',to_date('24/05/22','RR/MM/DD'),1);
Insert into CATWORK.RESUME_TB (RESUME_IDX,USER_IDX,TITLE,IMAGE,LINK,INTRO,CREATED,TYPE) values (24,39,'자바 이력서 151','/img/20240522_20240521_cblank_profile.jpg','https://github.com/2Shiro/CaTch_Work','안녕하세요
열심히 하겠습니다
잘부탁드립니다',to_date('24/05/22','RR/MM/DD'),1);
Insert into CATWORK.RESUME_TB (RESUME_IDX,USER_IDX,TITLE,IMAGE,LINK,INTRO,CREATED,TYPE) values (25,40,'자바 이력서 161','/img/20240522_20240517_cblank_profile.jpg','https://github.com/2Shiro/CaTch_Work','안녕하세요
열심히 하겠습니다
잘부탁드립니다',to_date('24/05/22','RR/MM/DD'),1);
Insert into CATWORK.RESUME_TB (RESUME_IDX,USER_IDX,TITLE,IMAGE,LINK,INTRO,CREATED,TYPE) values (26,41,'자바 이력서 171','/img/20240522_20240521_cblank_profile.jpg','https://github.com/2Shiro/CaTch_Work','안녕하세요
열심히 하겠습니다
잘부탁드립니다',to_date('24/05/22','RR/MM/DD'),1);
Insert into CATWORK.RESUME_TB (RESUME_IDX,USER_IDX,TITLE,IMAGE,LINK,INTRO,CREATED,TYPE) values (27,42,'자바 이력서 181','/img/20240522_20240521_cblank_profile.jpg','https://github.com/2Shiro/CaTch_Work','안녕하세요
열심히 하겠습니다
잘부탁드립니다',to_date('24/05/22','RR/MM/DD'),1);
Insert into CATWORK.RESUME_TB (RESUME_IDX,USER_IDX,TITLE,IMAGE,LINK,INTRO,CREATED,TYPE) values (28,43,'자바 이력서 191','/img/20240522_20240517_cblank_profile.jpg','https://github.com/2Shiro/CaTch_Work','안녕하세요
열심히 하겠습니다
잘부탁드립니다',to_date('24/05/22','RR/MM/DD'),1);
Insert into CATWORK.RESUME_TB (RESUME_IDX,USER_IDX,TITLE,IMAGE,LINK,INTRO,CREATED,TYPE) values (29,44,'자바 이력서 201','/img/20240522_20240521_cblank_profile.jpg','https://github.com/2Shiro/CaTch_Work','안녕하세요
열심히 하겠습니다
잘부탁드립니다',to_date('24/05/22','RR/MM/DD'),1);
REM INSERTING into CATWORK.SKILL_TB
SET DEFINE OFF;
Insert into CATWORK.SKILL_TB (SKILL_IDX,NAME) values (1,'Java');
Insert into CATWORK.SKILL_TB (SKILL_IDX,NAME) values (2,'SringBoot');
Insert into CATWORK.SKILL_TB (SKILL_IDX,NAME) values (3,'HTML');
Insert into CATWORK.SKILL_TB (SKILL_IDX,NAME) values (4,'CSS');
Insert into CATWORK.SKILL_TB (SKILL_IDX,NAME) values (5,'DB');
Insert into CATWORK.SKILL_TB (SKILL_IDX,NAME) values (6,'SpringLegacy');
Insert into CATWORK.SKILL_TB (SKILL_IDX,NAME) values (7,'JPA');
Insert into CATWORK.SKILL_TB (SKILL_IDX,NAME) values (8,'JavaScript');
Insert into CATWORK.SKILL_TB (SKILL_IDX,NAME) values (9,'무관');
REM INSERTING into CATWORK.STATE_TB
SET DEFINE OFF;
Insert into CATWORK.STATE_TB (STATE_IDX,RESUME_IDX,APPLY_IDX,SCORE,COMMENTS,USER_IDX) values (3,11,11,85,'1234',26);
Insert into CATWORK.STATE_TB (STATE_IDX,RESUME_IDX,APPLY_IDX,SCORE,COMMENTS,USER_IDX) values (4,12,12,84,'123',27);
Insert into CATWORK.STATE_TB (STATE_IDX,RESUME_IDX,APPLY_IDX,SCORE,COMMENTS,USER_IDX) values (5,13,13,12,'12',28);
Insert into CATWORK.STATE_TB (STATE_IDX,RESUME_IDX,APPLY_IDX,SCORE,COMMENTS,USER_IDX) values (6,14,14,23,'123',29);
Insert into CATWORK.STATE_TB (STATE_IDX,RESUME_IDX,APPLY_IDX,SCORE,COMMENTS,USER_IDX) values (7,11,15,88,'합격하셨습니다',26);
Insert into CATWORK.STATE_TB (STATE_IDX,RESUME_IDX,APPLY_IDX,SCORE,COMMENTS,USER_IDX) values (8,12,16,23,'죄송합니다 불합격 하셨습니다',27);
Insert into CATWORK.STATE_TB (STATE_IDX,RESUME_IDX,APPLY_IDX,SCORE,COMMENTS,USER_IDX) values (9,14,17,90,'합격하셨습니다
축하드립니다',29);
Insert into CATWORK.STATE_TB (STATE_IDX,RESUME_IDX,APPLY_IDX,SCORE,COMMENTS,USER_IDX) values (2,2,1,86,'합격을 축하드립니다',25);
Insert into CATWORK.STATE_TB (STATE_IDX,RESUME_IDX,APPLY_IDX,SCORE,COMMENTS,USER_IDX) values (1,2,2,89,'합격을 축하 드립니다 
같이 일할 날들을 기다리겠습니다',25);
REM INSERTING into CATWORK.USER_FAQ_TB
SET DEFINE OFF;
Insert into CATWORK.USER_FAQ_TB (Q_IDX,TYPE,QUESTION,ANSWER) values (2,2,'이력서에 사진이 안올라갑니다','브라우저 창을 닫고 다시 실행해주세요');
Insert into CATWORK.USER_FAQ_TB (Q_IDX,TYPE,QUESTION,ANSWER) values (1,1,'공고페이지에 정보가 출력되지 않습니다','일시적 오류입니다. 최대한 빠르게 해결하겠습니다');
Insert into CATWORK.USER_FAQ_TB (Q_IDX,TYPE,QUESTION,ANSWER) values (3,2,'온라인 입사지원 후 이력서를 수정하게 되면 어떻게 되나요?','입사지원 후 해당 이력서를 수정해도 이전에 지원한 채용공고에는 이력서 내용이 바뀌지 않습니다.<br>
따라서 회사마다 이력서 내용을 다르게 지원할 수 있습니다.<br>
단, 이력서 내 주요 회원정보인 (이력서 사진, 이름, 연락처 등)은 수정되므로 연락처가 변경된 경우 최신정보로 업데이트 하시면 변경된 내용으로 인사담당자가 확인 할 수 있습니다.<br>');
Insert into CATWORK.USER_FAQ_TB (Q_IDX,TYPE,QUESTION,ANSWER) values (4,1,'로그인이 안돼요!',' 쿠키 등 검색 기록을 삭제해 주세요.<br>
(1) 브라우저 실행 > 도구 > 인터넷 옵션 > 일반 > [검색 기록 삭제] 클릭해 주세요.<br>
(2) 맨 위 [즐겨찾기 웹 사이트 데이터 보존]을 제외하고 모든 항목에 체크한 후 아래 [삭제] 버튼 클릭해 주세요.<br>
(3) 검색 기록 삭제가 완료되면 인터넷 옵션 창의 [확인] 버튼을 클릭하세요.<br>
(4) 띄워놓았던 인터넷 브라우저를 모두 닫고 새로 인터넷 브라우저를 열어 로그인을 해주세요.<br>');
REM INSERTING into CATWORK.USER_TB
SET DEFINE OFF;
Insert into CATWORK.USER_TB (USER_IDX,ID,PWD,TYPE,EMAIL) values (45,'per123','1234',2,'yusanghun12@naver.com');
Insert into CATWORK.USER_TB (USER_IDX,ID,PWD,TYPE,EMAIL) values (47,'com123','1234',1,'yusanghun12@naver.com');
Insert into CATWORK.USER_TB (USER_IDX,ID,PWD,TYPE,EMAIL) values (6,'com2','1234',1,'com2@catchwork.com');
Insert into CATWORK.USER_TB (USER_IDX,ID,PWD,TYPE,EMAIL) values (7,'com3','1234',1,'com3@catchwork.com');
Insert into CATWORK.USER_TB (USER_IDX,ID,PWD,TYPE,EMAIL) values (8,'com4','1234',1,'com4@catchwork.com');
Insert into CATWORK.USER_TB (USER_IDX,ID,PWD,TYPE,EMAIL) values (9,'com5','1234',1,'com5@catchwork.com');
Insert into CATWORK.USER_TB (USER_IDX,ID,PWD,TYPE,EMAIL) values (1,'admin1','1234',0,'admin1@catchwork.com');
Insert into CATWORK.USER_TB (USER_IDX,ID,PWD,TYPE,EMAIL) values (2,'admin2','1234',0,'admin2@catchwork.com');
Insert into CATWORK.USER_TB (USER_IDX,ID,PWD,TYPE,EMAIL) values (3,'admin3','1234',0,'admin3@catchwork.com');
Insert into CATWORK.USER_TB (USER_IDX,ID,PWD,TYPE,EMAIL) values (4,'admin4','1234',0,'admin4@catchwork.com');
Insert into CATWORK.USER_TB (USER_IDX,ID,PWD,TYPE,EMAIL) values (10,'com6','1234',1,'com6@catchwork.com');
Insert into CATWORK.USER_TB (USER_IDX,ID,PWD,TYPE,EMAIL) values (11,'com7','1234',1,'com7@catchwork.com');
Insert into CATWORK.USER_TB (USER_IDX,ID,PWD,TYPE,EMAIL) values (12,'com8','1234',1,'com8@catchwork.com');
Insert into CATWORK.USER_TB (USER_IDX,ID,PWD,TYPE,EMAIL) values (13,'com9','1234',1,'com9@catchwork.com');
Insert into CATWORK.USER_TB (USER_IDX,ID,PWD,TYPE,EMAIL) values (5,'com1','1234',1,'com1@catchwork.com');
Insert into CATWORK.USER_TB (USER_IDX,ID,PWD,TYPE,EMAIL) values (14,'com10','1234',1,'com10@catchwork.com');
Insert into CATWORK.USER_TB (USER_IDX,ID,PWD,TYPE,EMAIL) values (15,'com11','1234',1,'com11@catchwork.com');
Insert into CATWORK.USER_TB (USER_IDX,ID,PWD,TYPE,EMAIL) values (16,'com12','1234',1,'com12@catchwork.com');
Insert into CATWORK.USER_TB (USER_IDX,ID,PWD,TYPE,EMAIL) values (17,'com13','1234',1,'com13@catchwork.com');
Insert into CATWORK.USER_TB (USER_IDX,ID,PWD,TYPE,EMAIL) values (18,'com14','1234',1,'com14@catchwork.com');
Insert into CATWORK.USER_TB (USER_IDX,ID,PWD,TYPE,EMAIL) values (19,'com15','1234',1,'com15@catchwork.com');
Insert into CATWORK.USER_TB (USER_IDX,ID,PWD,TYPE,EMAIL) values (20,'com16','1234',1,'com16@catchwork.com');
Insert into CATWORK.USER_TB (USER_IDX,ID,PWD,TYPE,EMAIL) values (21,'com17','1234',1,'com17@catchwork.com');
Insert into CATWORK.USER_TB (USER_IDX,ID,PWD,TYPE,EMAIL) values (22,'com18','1234',1,'com18@catchwork.com');
Insert into CATWORK.USER_TB (USER_IDX,ID,PWD,TYPE,EMAIL) values (23,'com19','1234',1,'com19@catchwork.com');
Insert into CATWORK.USER_TB (USER_IDX,ID,PWD,TYPE,EMAIL) values (24,'com20','1234',1,'com20@catchwork.com');
Insert into CATWORK.USER_TB (USER_IDX,ID,PWD,TYPE,EMAIL) values (25,'per1','1234',2,'per1@catchwork.com');
Insert into CATWORK.USER_TB (USER_IDX,ID,PWD,TYPE,EMAIL) values (26,'per2','1234',2,'per2@catchwork.com');
Insert into CATWORK.USER_TB (USER_IDX,ID,PWD,TYPE,EMAIL) values (27,'per3','1234',2,'per3@catchwork.com');
Insert into CATWORK.USER_TB (USER_IDX,ID,PWD,TYPE,EMAIL) values (28,'per4','1234',2,'per4@catchwork.com');
Insert into CATWORK.USER_TB (USER_IDX,ID,PWD,TYPE,EMAIL) values (29,'per5','1234',2,'per5@catchwork.com');
Insert into CATWORK.USER_TB (USER_IDX,ID,PWD,TYPE,EMAIL) values (30,'per6','1234',2,'per6@catchwork.com');
Insert into CATWORK.USER_TB (USER_IDX,ID,PWD,TYPE,EMAIL) values (31,'per7','1234',2,'per7@catchwork.com');
Insert into CATWORK.USER_TB (USER_IDX,ID,PWD,TYPE,EMAIL) values (32,'per8','1234',2,'per8@catchwork.com');
Insert into CATWORK.USER_TB (USER_IDX,ID,PWD,TYPE,EMAIL) values (33,'per9','1234',2,'per9@catchwork.com');
Insert into CATWORK.USER_TB (USER_IDX,ID,PWD,TYPE,EMAIL) values (34,'per10','1234',2,'per10@catchwork.com');
Insert into CATWORK.USER_TB (USER_IDX,ID,PWD,TYPE,EMAIL) values (35,'per11','1234',2,'per11@catchwork.com');
Insert into CATWORK.USER_TB (USER_IDX,ID,PWD,TYPE,EMAIL) values (36,'per12','1234',2,'per12@catchwork.com');
Insert into CATWORK.USER_TB (USER_IDX,ID,PWD,TYPE,EMAIL) values (37,'per13','1234',2,'per13@catchwork.com');
Insert into CATWORK.USER_TB (USER_IDX,ID,PWD,TYPE,EMAIL) values (38,'per14','1234',2,'per14@catchwork.com');
Insert into CATWORK.USER_TB (USER_IDX,ID,PWD,TYPE,EMAIL) values (39,'per15','1234',2,'per15@catchwork.com');
Insert into CATWORK.USER_TB (USER_IDX,ID,PWD,TYPE,EMAIL) values (40,'per16','1234',2,'per16@catchwork.com');
Insert into CATWORK.USER_TB (USER_IDX,ID,PWD,TYPE,EMAIL) values (41,'per17','1234',2,'per17@catchwork.com');
Insert into CATWORK.USER_TB (USER_IDX,ID,PWD,TYPE,EMAIL) values (42,'per18','1234',2,'per18@catchwork.com');
Insert into CATWORK.USER_TB (USER_IDX,ID,PWD,TYPE,EMAIL) values (43,'per19','1234',2,'per19@catchwork.com');
Insert into CATWORK.USER_TB (USER_IDX,ID,PWD,TYPE,EMAIL) values (44,'per20','1234',2,'per20@catchwork.com');
--------------------------------------------------------
--  DDL for Index SYS_C009760
--------------------------------------------------------

  CREATE UNIQUE INDEX "CATWORK"."SYS_C009760" ON "CATWORK"."USER_TB" ("USER_IDX") 
  PCTFREE 10 INITRANS 2 MAXTRANS 255 COMPUTE STATISTICS 
  STORAGE(INITIAL 65536 NEXT 1048576 MINEXTENTS 1 MAXEXTENTS 2147483645
  PCTINCREASE 0 FREELISTS 1 FREELIST GROUPS 1
  BUFFER_POOL DEFAULT FLASH_CACHE DEFAULT CELL_FLASH_CACHE DEFAULT)
  TABLESPACE "USERS" ;
--------------------------------------------------------
--  DDL for Index SYS_C009761
--------------------------------------------------------

  CREATE UNIQUE INDEX "CATWORK"."SYS_C009761" ON "CATWORK"."USER_TB" ("ID") 
  PCTFREE 10 INITRANS 2 MAXTRANS 255 COMPUTE STATISTICS 
  STORAGE(INITIAL 65536 NEXT 1048576 MINEXTENTS 1 MAXEXTENTS 2147483645
  PCTINCREASE 0 FREELISTS 1 FREELIST GROUPS 1
  BUFFER_POOL DEFAULT FLASH_CACHE DEFAULT CELL_FLASH_CACHE DEFAULT)
  TABLESPACE "USERS" ;
--------------------------------------------------------
--  DDL for Index SYS_C009764
--------------------------------------------------------

  CREATE UNIQUE INDEX "CATWORK"."SYS_C009764" ON "CATWORK"."ADMIN_TB" ("ADMIN_IDX") 
  PCTFREE 10 INITRANS 2 MAXTRANS 255 COMPUTE STATISTICS 
  STORAGE(INITIAL 65536 NEXT 1048576 MINEXTENTS 1 MAXEXTENTS 2147483645
  PCTINCREASE 0 FREELISTS 1 FREELIST GROUPS 1
  BUFFER_POOL DEFAULT FLASH_CACHE DEFAULT CELL_FLASH_CACHE DEFAULT)
  TABLESPACE "USERS" ;
--------------------------------------------------------
--  DDL for Index SYS_C009777
--------------------------------------------------------

  CREATE UNIQUE INDEX "CATWORK"."SYS_C009777" ON "CATWORK"."COMPANY_TB" ("COM_IDX") 
  PCTFREE 10 INITRANS 2 MAXTRANS 255 COMPUTE STATISTICS 
  STORAGE(INITIAL 65536 NEXT 1048576 MINEXTENTS 1 MAXEXTENTS 2147483645
  PCTINCREASE 0 FREELISTS 1 FREELIST GROUPS 1
  BUFFER_POOL DEFAULT FLASH_CACHE DEFAULT CELL_FLASH_CACHE DEFAULT)
  TABLESPACE "USERS" ;
--------------------------------------------------------
--  DDL for Index SYS_C009787
--------------------------------------------------------

  CREATE UNIQUE INDEX "CATWORK"."SYS_C009787" ON "CATWORK"."PERSON_TB" ("PER_IDX") 
  PCTFREE 10 INITRANS 2 MAXTRANS 255 COMPUTE STATISTICS 
  STORAGE(INITIAL 65536 NEXT 1048576 MINEXTENTS 1 MAXEXTENTS 2147483645
  PCTINCREASE 0 FREELISTS 1 FREELIST GROUPS 1
  BUFFER_POOL DEFAULT FLASH_CACHE DEFAULT CELL_FLASH_CACHE DEFAULT)
  TABLESPACE "USERS" ;
--------------------------------------------------------
--  DDL for Index SYS_C009798
--------------------------------------------------------

  CREATE UNIQUE INDEX "CATWORK"."SYS_C009798" ON "CATWORK"."BOARD_TB" ("BOARD_IDX") 
  PCTFREE 10 INITRANS 2 MAXTRANS 255 COMPUTE STATISTICS 
  STORAGE(INITIAL 65536 NEXT 1048576 MINEXTENTS 1 MAXEXTENTS 2147483645
  PCTINCREASE 0 FREELISTS 1 FREELIST GROUPS 1
  BUFFER_POOL DEFAULT FLASH_CACHE DEFAULT CELL_FLASH_CACHE DEFAULT)
  TABLESPACE "USERS" ;
--------------------------------------------------------
--  DDL for Index SYS_C009804
--------------------------------------------------------

  CREATE UNIQUE INDEX "CATWORK"."SYS_C009804" ON "CATWORK"."BCOMMENT_TB" ("BCOMMENT_IDX") 
  PCTFREE 10 INITRANS 2 MAXTRANS 255 COMPUTE STATISTICS 
  STORAGE(INITIAL 65536 NEXT 1048576 MINEXTENTS 1 MAXEXTENTS 2147483645
  PCTINCREASE 0 FREELISTS 1 FREELIST GROUPS 1
  BUFFER_POOL DEFAULT FLASH_CACHE DEFAULT CELL_FLASH_CACHE DEFAULT)
  TABLESPACE "USERS" ;
--------------------------------------------------------
--  DDL for Index SYS_C009811
--------------------------------------------------------

  CREATE UNIQUE INDEX "CATWORK"."SYS_C009811" ON "CATWORK"."CBOARD_TB" ("CBOARD_IDX") 
  PCTFREE 10 INITRANS 2 MAXTRANS 255 COMPUTE STATISTICS 
  STORAGE(INITIAL 65536 NEXT 1048576 MINEXTENTS 1 MAXEXTENTS 2147483645
  PCTINCREASE 0 FREELISTS 1 FREELIST GROUPS 1
  BUFFER_POOL DEFAULT FLASH_CACHE DEFAULT CELL_FLASH_CACHE DEFAULT)
  TABLESPACE "USERS" ;
--------------------------------------------------------
--  DDL for Index SYS_C009817
--------------------------------------------------------

  CREATE UNIQUE INDEX "CATWORK"."SYS_C009817" ON "CATWORK"."CCOMMENT_TB" ("CCOMMENT_IDX") 
  PCTFREE 10 INITRANS 2 MAXTRANS 255 COMPUTE STATISTICS 
  STORAGE(INITIAL 65536 NEXT 1048576 MINEXTENTS 1 MAXEXTENTS 2147483645
  PCTINCREASE 0 FREELISTS 1 FREELIST GROUPS 1
  BUFFER_POOL DEFAULT FLASH_CACHE DEFAULT CELL_FLASH_CACHE DEFAULT)
  TABLESPACE "USERS" ;
--------------------------------------------------------
--  DDL for Index SYS_C009824
--------------------------------------------------------

  CREATE UNIQUE INDEX "CATWORK"."SYS_C009824" ON "CATWORK"."HBOARD_TB" ("HBOARD_IDX") 
  PCTFREE 10 INITRANS 2 MAXTRANS 255 COMPUTE STATISTICS 
  STORAGE(INITIAL 65536 NEXT 1048576 MINEXTENTS 1 MAXEXTENTS 2147483645
  PCTINCREASE 0 FREELISTS 1 FREELIST GROUPS 1
  BUFFER_POOL DEFAULT FLASH_CACHE DEFAULT CELL_FLASH_CACHE DEFAULT)
  TABLESPACE "USERS" ;
--------------------------------------------------------
--  DDL for Index SYS_C009830
--------------------------------------------------------

  CREATE UNIQUE INDEX "CATWORK"."SYS_C009830" ON "CATWORK"."HCOMMENT_TB" ("HCOMMENT_IDX") 
  PCTFREE 10 INITRANS 2 MAXTRANS 255 COMPUTE STATISTICS 
  STORAGE(INITIAL 65536 NEXT 1048576 MINEXTENTS 1 MAXEXTENTS 2147483645
  PCTINCREASE 0 FREELISTS 1 FREELIST GROUPS 1
  BUFFER_POOL DEFAULT FLASH_CACHE DEFAULT CELL_FLASH_CACHE DEFAULT)
  TABLESPACE "USERS" ;
--------------------------------------------------------
--  DDL for Index SYS_C009834
--------------------------------------------------------

  CREATE UNIQUE INDEX "CATWORK"."SYS_C009834" ON "CATWORK"."SKILL_TB" ("SKILL_IDX") 
  PCTFREE 10 INITRANS 2 MAXTRANS 255 COMPUTE STATISTICS 
  STORAGE(INITIAL 65536 NEXT 1048576 MINEXTENTS 1 MAXEXTENTS 2147483645
  PCTINCREASE 0 FREELISTS 1 FREELIST GROUPS 1
  BUFFER_POOL DEFAULT FLASH_CACHE DEFAULT CELL_FLASH_CACHE DEFAULT)
  TABLESPACE "USERS" ;
--------------------------------------------------------
--  DDL for Index SYS_C009847
--------------------------------------------------------

  CREATE UNIQUE INDEX "CATWORK"."SYS_C009847" ON "CATWORK"."POST_TB" ("POST_IDX") 
  PCTFREE 10 INITRANS 2 MAXTRANS 255 COMPUTE STATISTICS 
  STORAGE(INITIAL 65536 NEXT 1048576 MINEXTENTS 1 MAXEXTENTS 2147483645
  PCTINCREASE 0 FREELISTS 1 FREELIST GROUPS 1
  BUFFER_POOL DEFAULT FLASH_CACHE DEFAULT CELL_FLASH_CACHE DEFAULT)
  TABLESPACE "USERS" ;
--------------------------------------------------------
--  DDL for Index SYS_C009855
--------------------------------------------------------

  CREATE UNIQUE INDEX "CATWORK"."SYS_C009855" ON "CATWORK"."RESUME_TB" ("RESUME_IDX") 
  PCTFREE 10 INITRANS 2 MAXTRANS 255 COMPUTE STATISTICS 
  STORAGE(INITIAL 65536 NEXT 1048576 MINEXTENTS 1 MAXEXTENTS 2147483645
  PCTINCREASE 0 FREELISTS 1 FREELIST GROUPS 1
  BUFFER_POOL DEFAULT FLASH_CACHE DEFAULT CELL_FLASH_CACHE DEFAULT)
  TABLESPACE "USERS" ;
--------------------------------------------------------
--  DDL for Index SYS_C009860
--------------------------------------------------------

  CREATE UNIQUE INDEX "CATWORK"."SYS_C009860" ON "CATWORK"."BOOKMARK_TB" ("BOOK_IDX") 
  PCTFREE 10 INITRANS 2 MAXTRANS 255 COMPUTE STATISTICS 
  STORAGE(INITIAL 65536 NEXT 1048576 MINEXTENTS 1 MAXEXTENTS 2147483645
  PCTINCREASE 0 FREELISTS 1 FREELIST GROUPS 1
  BUFFER_POOL DEFAULT FLASH_CACHE DEFAULT CELL_FLASH_CACHE DEFAULT)
  TABLESPACE "USERS" ;
--------------------------------------------------------
--  DDL for Index SYS_C009867
--------------------------------------------------------

  CREATE UNIQUE INDEX "CATWORK"."SYS_C009867" ON "CATWORK"."APPLY_TB" ("APPLY_IDX") 
  PCTFREE 10 INITRANS 2 MAXTRANS 255 COMPUTE STATISTICS 
  STORAGE(INITIAL 65536 NEXT 1048576 MINEXTENTS 1 MAXEXTENTS 2147483645
  PCTINCREASE 0 FREELISTS 1 FREELIST GROUPS 1
  BUFFER_POOL DEFAULT FLASH_CACHE DEFAULT CELL_FLASH_CACHE DEFAULT)
  TABLESPACE "USERS" ;
--------------------------------------------------------
--  DDL for Index SYS_C009872
--------------------------------------------------------

  CREATE UNIQUE INDEX "CATWORK"."SYS_C009872" ON "CATWORK"."POST_SKILL_TB" ("POSKILL_IDX") 
  PCTFREE 10 INITRANS 2 MAXTRANS 255 COMPUTE STATISTICS 
  STORAGE(INITIAL 65536 NEXT 1048576 MINEXTENTS 1 MAXEXTENTS 2147483645
  PCTINCREASE 0 FREELISTS 1 FREELIST GROUPS 1
  BUFFER_POOL DEFAULT FLASH_CACHE DEFAULT CELL_FLASH_CACHE DEFAULT)
  TABLESPACE "USERS" ;
--------------------------------------------------------
--  DDL for Index SYS_C009877
--------------------------------------------------------

  CREATE UNIQUE INDEX "CATWORK"."SYS_C009877" ON "CATWORK"."RESUME_SKILL_TB" ("RESKILL_IDX") 
  PCTFREE 10 INITRANS 2 MAXTRANS 255 COMPUTE STATISTICS 
  STORAGE(INITIAL 65536 NEXT 1048576 MINEXTENTS 1 MAXEXTENTS 2147483645
  PCTINCREASE 0 FREELISTS 1 FREELIST GROUPS 1
  BUFFER_POOL DEFAULT FLASH_CACHE DEFAULT CELL_FLASH_CACHE DEFAULT)
  TABLESPACE "USERS" ;
--------------------------------------------------------
--  DDL for Index SYS_C009884
--------------------------------------------------------

  CREATE UNIQUE INDEX "CATWORK"."SYS_C009884" ON "CATWORK"."STATE_TB" ("STATE_IDX") 
  PCTFREE 10 INITRANS 2 MAXTRANS 255 COMPUTE STATISTICS 
  STORAGE(INITIAL 65536 NEXT 1048576 MINEXTENTS 1 MAXEXTENTS 2147483645
  PCTINCREASE 0 FREELISTS 1 FREELIST GROUPS 1
  BUFFER_POOL DEFAULT FLASH_CACHE DEFAULT CELL_FLASH_CACHE DEFAULT)
  TABLESPACE "USERS" ;
--------------------------------------------------------
--  DDL for Index SYS_C009888
--------------------------------------------------------

  CREATE UNIQUE INDEX "CATWORK"."SYS_C009888" ON "CATWORK"."RATE_TB" ("RATE_IDX") 
  PCTFREE 10 INITRANS 2 MAXTRANS 255 COMPUTE STATISTICS 
  STORAGE(INITIAL 65536 NEXT 1048576 MINEXTENTS 1 MAXEXTENTS 2147483645
  PCTINCREASE 0 FREELISTS 1 FREELIST GROUPS 1
  BUFFER_POOL DEFAULT FLASH_CACHE DEFAULT CELL_FLASH_CACHE DEFAULT)
  TABLESPACE "USERS" ;
--------------------------------------------------------
--  DDL for Index SYS_C009901
--------------------------------------------------------

  CREATE UNIQUE INDEX "CATWORK"."SYS_C009901" ON "CATWORK"."USER_FAQ_TB" ("Q_IDX") 
  PCTFREE 10 INITRANS 2 MAXTRANS 255 
  STORAGE(INITIAL 65536 NEXT 1048576 MINEXTENTS 1 MAXEXTENTS 2147483645
  PCTINCREASE 0 FREELISTS 1 FREELIST GROUPS 1
  BUFFER_POOL DEFAULT FLASH_CACHE DEFAULT CELL_FLASH_CACHE DEFAULT)
  TABLESPACE "USERS" ;
--------------------------------------------------------
--  DDL for Function GET_FILENUM
--------------------------------------------------------

  CREATE OR REPLACE NONEDITIONABLE FUNCTION "CATWORK"."GET_FILENUM" 
RETURN NUMBER
AS
    NUM NUMBER;
BEGIN
    SELECT FILENUM_SEQ.NEXTVAL
    INTO NUM
    FROM DUAL;

    RETURN NUM;
END;

/
--------------------------------------------------------
--  Constraints for Table ADMIN_TB
--------------------------------------------------------

  ALTER TABLE "CATWORK"."ADMIN_TB" MODIFY ("USER_IDX" NOT NULL ENABLE);
  ALTER TABLE "CATWORK"."ADMIN_TB" MODIFY ("NAME" NOT NULL ENABLE);
  ALTER TABLE "CATWORK"."ADMIN_TB" ADD PRIMARY KEY ("ADMIN_IDX")
  USING INDEX PCTFREE 10 INITRANS 2 MAXTRANS 255 COMPUTE STATISTICS 
  STORAGE(INITIAL 65536 NEXT 1048576 MINEXTENTS 1 MAXEXTENTS 2147483645
  PCTINCREASE 0 FREELISTS 1 FREELIST GROUPS 1
  BUFFER_POOL DEFAULT FLASH_CACHE DEFAULT CELL_FLASH_CACHE DEFAULT)
  TABLESPACE "USERS"  ENABLE;
--------------------------------------------------------
--  Constraints for Table APPLY_TB
--------------------------------------------------------

  ALTER TABLE "CATWORK"."APPLY_TB" MODIFY ("RESUME_IDX" NOT NULL ENABLE);
  ALTER TABLE "CATWORK"."APPLY_TB" MODIFY ("POST_IDX" NOT NULL ENABLE);
  ALTER TABLE "CATWORK"."APPLY_TB" MODIFY ("STATE" NOT NULL ENABLE);
  ALTER TABLE "CATWORK"."APPLY_TB" MODIFY ("CREATED" NOT NULL ENABLE);
  ALTER TABLE "CATWORK"."APPLY_TB" ADD PRIMARY KEY ("APPLY_IDX")
  USING INDEX PCTFREE 10 INITRANS 2 MAXTRANS 255 COMPUTE STATISTICS 
  STORAGE(INITIAL 65536 NEXT 1048576 MINEXTENTS 1 MAXEXTENTS 2147483645
  PCTINCREASE 0 FREELISTS 1 FREELIST GROUPS 1
  BUFFER_POOL DEFAULT FLASH_CACHE DEFAULT CELL_FLASH_CACHE DEFAULT)
  TABLESPACE "USERS"  ENABLE;
--------------------------------------------------------
--  Constraints for Table BCOMMENT_TB
--------------------------------------------------------

  ALTER TABLE "CATWORK"."BCOMMENT_TB" MODIFY ("BOARD_IDX" NOT NULL ENABLE);
  ALTER TABLE "CATWORK"."BCOMMENT_TB" MODIFY ("USER_IDX" NOT NULL ENABLE);
  ALTER TABLE "CATWORK"."BCOMMENT_TB" MODIFY ("CONTENT" NOT NULL ENABLE);
  ALTER TABLE "CATWORK"."BCOMMENT_TB" MODIFY ("CREATED" NOT NULL ENABLE);
  ALTER TABLE "CATWORK"."BCOMMENT_TB" ADD PRIMARY KEY ("BCOMMENT_IDX")
  USING INDEX PCTFREE 10 INITRANS 2 MAXTRANS 255 COMPUTE STATISTICS 
  STORAGE(INITIAL 65536 NEXT 1048576 MINEXTENTS 1 MAXEXTENTS 2147483645
  PCTINCREASE 0 FREELISTS 1 FREELIST GROUPS 1
  BUFFER_POOL DEFAULT FLASH_CACHE DEFAULT CELL_FLASH_CACHE DEFAULT)
  TABLESPACE "USERS"  ENABLE;
--------------------------------------------------------
--  Constraints for Table BOARD_TB
--------------------------------------------------------

  ALTER TABLE "CATWORK"."BOARD_TB" MODIFY ("USER_IDX" NOT NULL ENABLE);
  ALTER TABLE "CATWORK"."BOARD_TB" MODIFY ("TITLE" NOT NULL ENABLE);
  ALTER TABLE "CATWORK"."BOARD_TB" MODIFY ("CONTENT" NOT NULL ENABLE);
  ALTER TABLE "CATWORK"."BOARD_TB" MODIFY ("CREATED" NOT NULL ENABLE);
  ALTER TABLE "CATWORK"."BOARD_TB" ADD PRIMARY KEY ("BOARD_IDX")
  USING INDEX PCTFREE 10 INITRANS 2 MAXTRANS 255 COMPUTE STATISTICS 
  STORAGE(INITIAL 65536 NEXT 1048576 MINEXTENTS 1 MAXEXTENTS 2147483645
  PCTINCREASE 0 FREELISTS 1 FREELIST GROUPS 1
  BUFFER_POOL DEFAULT FLASH_CACHE DEFAULT CELL_FLASH_CACHE DEFAULT)
  TABLESPACE "USERS"  ENABLE;
--------------------------------------------------------
--  Constraints for Table BOOKMARK_TB
--------------------------------------------------------

  ALTER TABLE "CATWORK"."BOOKMARK_TB" MODIFY ("USER_IDX" NOT NULL ENABLE);
  ALTER TABLE "CATWORK"."BOOKMARK_TB" MODIFY ("POST_IDX" NOT NULL ENABLE);
  ALTER TABLE "CATWORK"."BOOKMARK_TB" MODIFY ("BOOKMARK" NOT NULL ENABLE);
  ALTER TABLE "CATWORK"."BOOKMARK_TB" ADD PRIMARY KEY ("BOOK_IDX")
  USING INDEX PCTFREE 10 INITRANS 2 MAXTRANS 255 COMPUTE STATISTICS 
  STORAGE(INITIAL 65536 NEXT 1048576 MINEXTENTS 1 MAXEXTENTS 2147483645
  PCTINCREASE 0 FREELISTS 1 FREELIST GROUPS 1
  BUFFER_POOL DEFAULT FLASH_CACHE DEFAULT CELL_FLASH_CACHE DEFAULT)
  TABLESPACE "USERS"  ENABLE;
--------------------------------------------------------
--  Constraints for Table CBOARD_TB
--------------------------------------------------------

  ALTER TABLE "CATWORK"."CBOARD_TB" MODIFY ("USER_IDX" NOT NULL ENABLE);
  ALTER TABLE "CATWORK"."CBOARD_TB" MODIFY ("TITLE" NOT NULL ENABLE);
  ALTER TABLE "CATWORK"."CBOARD_TB" MODIFY ("CONTENT" NOT NULL ENABLE);
  ALTER TABLE "CATWORK"."CBOARD_TB" MODIFY ("CREATED" NOT NULL ENABLE);
  ALTER TABLE "CATWORK"."CBOARD_TB" ADD PRIMARY KEY ("CBOARD_IDX")
  USING INDEX PCTFREE 10 INITRANS 2 MAXTRANS 255 COMPUTE STATISTICS 
  STORAGE(INITIAL 65536 NEXT 1048576 MINEXTENTS 1 MAXEXTENTS 2147483645
  PCTINCREASE 0 FREELISTS 1 FREELIST GROUPS 1
  BUFFER_POOL DEFAULT FLASH_CACHE DEFAULT CELL_FLASH_CACHE DEFAULT)
  TABLESPACE "USERS"  ENABLE;
--------------------------------------------------------
--  Constraints for Table CCOMMENT_TB
--------------------------------------------------------

  ALTER TABLE "CATWORK"."CCOMMENT_TB" MODIFY ("CBOARD_IDX" NOT NULL ENABLE);
  ALTER TABLE "CATWORK"."CCOMMENT_TB" MODIFY ("USER_IDX" NOT NULL ENABLE);
  ALTER TABLE "CATWORK"."CCOMMENT_TB" MODIFY ("CONTENT" NOT NULL ENABLE);
  ALTER TABLE "CATWORK"."CCOMMENT_TB" MODIFY ("CREATED" NOT NULL ENABLE);
  ALTER TABLE "CATWORK"."CCOMMENT_TB" ADD PRIMARY KEY ("CCOMMENT_IDX")
  USING INDEX PCTFREE 10 INITRANS 2 MAXTRANS 255 COMPUTE STATISTICS 
  STORAGE(INITIAL 65536 NEXT 1048576 MINEXTENTS 1 MAXEXTENTS 2147483645
  PCTINCREASE 0 FREELISTS 1 FREELIST GROUPS 1
  BUFFER_POOL DEFAULT FLASH_CACHE DEFAULT CELL_FLASH_CACHE DEFAULT)
  TABLESPACE "USERS"  ENABLE;
--------------------------------------------------------
--  Constraints for Table COMPANY_TB
--------------------------------------------------------

  ALTER TABLE "CATWORK"."COMPANY_TB" MODIFY ("USER_IDX" NOT NULL ENABLE);
  ALTER TABLE "CATWORK"."COMPANY_TB" MODIFY ("NAME" NOT NULL ENABLE);
  ALTER TABLE "CATWORK"."COMPANY_TB" MODIFY ("LOGO" NOT NULL ENABLE);
  ALTER TABLE "CATWORK"."COMPANY_TB" MODIFY ("CNUM" NOT NULL ENABLE);
  ALTER TABLE "CATWORK"."COMPANY_TB" MODIFY ("REPRESENTATIVE" NOT NULL ENABLE);
  ALTER TABLE "CATWORK"."COMPANY_TB" MODIFY ("ZIP_CODE" NOT NULL ENABLE);
  ALTER TABLE "CATWORK"."COMPANY_TB" MODIFY ("ADDRESS" NOT NULL ENABLE);
  ALTER TABLE "CATWORK"."COMPANY_TB" MODIFY ("CTYPE" NOT NULL ENABLE);
  ALTER TABLE "CATWORK"."COMPANY_TB" MODIFY ("BDATE" NOT NULL ENABLE);
  ALTER TABLE "CATWORK"."COMPANY_TB" MODIFY ("CREATED" NOT NULL ENABLE);
  ALTER TABLE "CATWORK"."COMPANY_TB" ADD PRIMARY KEY ("COM_IDX")
  USING INDEX PCTFREE 10 INITRANS 2 MAXTRANS 255 COMPUTE STATISTICS 
  STORAGE(INITIAL 65536 NEXT 1048576 MINEXTENTS 1 MAXEXTENTS 2147483645
  PCTINCREASE 0 FREELISTS 1 FREELIST GROUPS 1
  BUFFER_POOL DEFAULT FLASH_CACHE DEFAULT CELL_FLASH_CACHE DEFAULT)
  TABLESPACE "USERS"  ENABLE;
--------------------------------------------------------
--  Constraints for Table HBOARD_TB
--------------------------------------------------------

  ALTER TABLE "CATWORK"."HBOARD_TB" MODIFY ("USER_IDX" NOT NULL ENABLE);
  ALTER TABLE "CATWORK"."HBOARD_TB" MODIFY ("TITLE" NOT NULL ENABLE);
  ALTER TABLE "CATWORK"."HBOARD_TB" MODIFY ("CONTENT" NOT NULL ENABLE);
  ALTER TABLE "CATWORK"."HBOARD_TB" MODIFY ("CREATED" NOT NULL ENABLE);
  ALTER TABLE "CATWORK"."HBOARD_TB" ADD PRIMARY KEY ("HBOARD_IDX")
  USING INDEX PCTFREE 10 INITRANS 2 MAXTRANS 255 COMPUTE STATISTICS 
  STORAGE(INITIAL 65536 NEXT 1048576 MINEXTENTS 1 MAXEXTENTS 2147483645
  PCTINCREASE 0 FREELISTS 1 FREELIST GROUPS 1
  BUFFER_POOL DEFAULT FLASH_CACHE DEFAULT CELL_FLASH_CACHE DEFAULT)
  TABLESPACE "USERS"  ENABLE;
--------------------------------------------------------
--  Constraints for Table HCOMMENT_TB
--------------------------------------------------------

  ALTER TABLE "CATWORK"."HCOMMENT_TB" MODIFY ("HBOARD_IDX" NOT NULL ENABLE);
  ALTER TABLE "CATWORK"."HCOMMENT_TB" MODIFY ("USER_IDX" NOT NULL ENABLE);
  ALTER TABLE "CATWORK"."HCOMMENT_TB" MODIFY ("CONTENT" NOT NULL ENABLE);
  ALTER TABLE "CATWORK"."HCOMMENT_TB" MODIFY ("CREATED" NOT NULL ENABLE);
  ALTER TABLE "CATWORK"."HCOMMENT_TB" ADD PRIMARY KEY ("HCOMMENT_IDX")
  USING INDEX PCTFREE 10 INITRANS 2 MAXTRANS 255 COMPUTE STATISTICS 
  STORAGE(INITIAL 65536 NEXT 1048576 MINEXTENTS 1 MAXEXTENTS 2147483645
  PCTINCREASE 0 FREELISTS 1 FREELIST GROUPS 1
  BUFFER_POOL DEFAULT FLASH_CACHE DEFAULT CELL_FLASH_CACHE DEFAULT)
  TABLESPACE "USERS"  ENABLE;
--------------------------------------------------------
--  Constraints for Table PERSON_TB
--------------------------------------------------------

  ALTER TABLE "CATWORK"."PERSON_TB" MODIFY ("USER_IDX" NOT NULL ENABLE);
  ALTER TABLE "CATWORK"."PERSON_TB" MODIFY ("NAME" NOT NULL ENABLE);
  ALTER TABLE "CATWORK"."PERSON_TB" MODIFY ("PHONE" NOT NULL ENABLE);
  ALTER TABLE "CATWORK"."PERSON_TB" MODIFY ("ZIP_CODE" NOT NULL ENABLE);
  ALTER TABLE "CATWORK"."PERSON_TB" MODIFY ("ADDRESS" NOT NULL ENABLE);
  ALTER TABLE "CATWORK"."PERSON_TB" MODIFY ("SOCIAL_NUM" NOT NULL ENABLE);
  ALTER TABLE "CATWORK"."PERSON_TB" MODIFY ("CREATED" NOT NULL ENABLE);
  ALTER TABLE "CATWORK"."PERSON_TB" ADD PRIMARY KEY ("PER_IDX")
  USING INDEX PCTFREE 10 INITRANS 2 MAXTRANS 255 COMPUTE STATISTICS 
  STORAGE(INITIAL 65536 NEXT 1048576 MINEXTENTS 1 MAXEXTENTS 2147483645
  PCTINCREASE 0 FREELISTS 1 FREELIST GROUPS 1
  BUFFER_POOL DEFAULT FLASH_CACHE DEFAULT CELL_FLASH_CACHE DEFAULT)
  TABLESPACE "USERS"  ENABLE;
--------------------------------------------------------
--  Constraints for Table POST_SKILL_TB
--------------------------------------------------------

  ALTER TABLE "CATWORK"."POST_SKILL_TB" MODIFY ("POST_IDX" NOT NULL ENABLE);
  ALTER TABLE "CATWORK"."POST_SKILL_TB" MODIFY ("SKILL_IDX" NOT NULL ENABLE);
  ALTER TABLE "CATWORK"."POST_SKILL_TB" ADD PRIMARY KEY ("POSKILL_IDX")
  USING INDEX PCTFREE 10 INITRANS 2 MAXTRANS 255 COMPUTE STATISTICS 
  STORAGE(INITIAL 65536 NEXT 1048576 MINEXTENTS 1 MAXEXTENTS 2147483645
  PCTINCREASE 0 FREELISTS 1 FREELIST GROUPS 1
  BUFFER_POOL DEFAULT FLASH_CACHE DEFAULT CELL_FLASH_CACHE DEFAULT)
  TABLESPACE "USERS"  ENABLE;
--------------------------------------------------------
--  Constraints for Table POST_TB
--------------------------------------------------------

  ALTER TABLE "CATWORK"."POST_TB" MODIFY ("JOBTYPE" NOT NULL ENABLE);
  ALTER TABLE "CATWORK"."POST_TB" MODIFY ("DEPARTMENT" NOT NULL ENABLE);
  ALTER TABLE "CATWORK"."POST_TB" MODIFY ("USER_IDX" NOT NULL ENABLE);
  ALTER TABLE "CATWORK"."POST_TB" MODIFY ("TITLE" NOT NULL ENABLE);
  ALTER TABLE "CATWORK"."POST_TB" MODIFY ("CAREER" NOT NULL ENABLE);
  ALTER TABLE "CATWORK"."POST_TB" MODIFY ("GOWORK" NOT NULL ENABLE);
  ALTER TABLE "CATWORK"."POST_TB" MODIFY ("GOHOME" NOT NULL ENABLE);
  ALTER TABLE "CATWORK"."POST_TB" MODIFY ("SALARY" NOT NULL ENABLE);
  ALTER TABLE "CATWORK"."POST_TB" MODIFY ("DEADLINE" NOT NULL ENABLE);
  ALTER TABLE "CATWORK"."POST_TB" MODIFY ("INTRO" NOT NULL ENABLE);
  ALTER TABLE "CATWORK"."POST_TB" MODIFY ("EXPLAIN" NOT NULL ENABLE);
  ALTER TABLE "CATWORK"."POST_TB" MODIFY ("MANAGER" NOT NULL ENABLE);
  ALTER TABLE "CATWORK"."POST_TB" MODIFY ("MPHONE" NOT NULL ENABLE);
  ALTER TABLE "CATWORK"."POST_TB" MODIFY ("CREATED" NOT NULL ENABLE);
  ALTER TABLE "CATWORK"."POST_TB" ADD PRIMARY KEY ("POST_IDX")
  USING INDEX PCTFREE 10 INITRANS 2 MAXTRANS 255 COMPUTE STATISTICS 
  STORAGE(INITIAL 65536 NEXT 1048576 MINEXTENTS 1 MAXEXTENTS 2147483645
  PCTINCREASE 0 FREELISTS 1 FREELIST GROUPS 1
  BUFFER_POOL DEFAULT FLASH_CACHE DEFAULT CELL_FLASH_CACHE DEFAULT)
  TABLESPACE "USERS"  ENABLE;
--------------------------------------------------------
--  Constraints for Table RATE_TB
--------------------------------------------------------

  ALTER TABLE "CATWORK"."RATE_TB" MODIFY ("RATING" NOT NULL ENABLE);
  ALTER TABLE "CATWORK"."RATE_TB" ADD PRIMARY KEY ("RATE_IDX")
  USING INDEX PCTFREE 10 INITRANS 2 MAXTRANS 255 COMPUTE STATISTICS 
  STORAGE(INITIAL 65536 NEXT 1048576 MINEXTENTS 1 MAXEXTENTS 2147483645
  PCTINCREASE 0 FREELISTS 1 FREELIST GROUPS 1
  BUFFER_POOL DEFAULT FLASH_CACHE DEFAULT CELL_FLASH_CACHE DEFAULT)
  TABLESPACE "USERS"  ENABLE;
--------------------------------------------------------
--  Constraints for Table RESUME_SKILL_TB
--------------------------------------------------------

  ALTER TABLE "CATWORK"."RESUME_SKILL_TB" MODIFY ("RESUME_IDX" NOT NULL ENABLE);
  ALTER TABLE "CATWORK"."RESUME_SKILL_TB" MODIFY ("SKILL_IDX" NOT NULL ENABLE);
  ALTER TABLE "CATWORK"."RESUME_SKILL_TB" ADD PRIMARY KEY ("RESKILL_IDX")
  USING INDEX PCTFREE 10 INITRANS 2 MAXTRANS 255 COMPUTE STATISTICS 
  STORAGE(INITIAL 65536 NEXT 1048576 MINEXTENTS 1 MAXEXTENTS 2147483645
  PCTINCREASE 0 FREELISTS 1 FREELIST GROUPS 1
  BUFFER_POOL DEFAULT FLASH_CACHE DEFAULT CELL_FLASH_CACHE DEFAULT)
  TABLESPACE "USERS"  ENABLE;
--------------------------------------------------------
--  Constraints for Table RESUME_TB
--------------------------------------------------------

  ALTER TABLE "CATWORK"."RESUME_TB" MODIFY ("USER_IDX" NOT NULL ENABLE);
  ALTER TABLE "CATWORK"."RESUME_TB" MODIFY ("TITLE" NOT NULL ENABLE);
  ALTER TABLE "CATWORK"."RESUME_TB" MODIFY ("IMAGE" NOT NULL ENABLE);
  ALTER TABLE "CATWORK"."RESUME_TB" MODIFY ("INTRO" NOT NULL ENABLE);
  ALTER TABLE "CATWORK"."RESUME_TB" MODIFY ("CREATED" NOT NULL ENABLE);
  ALTER TABLE "CATWORK"."RESUME_TB" MODIFY ("TYPE" NOT NULL ENABLE);
  ALTER TABLE "CATWORK"."RESUME_TB" ADD PRIMARY KEY ("RESUME_IDX")
  USING INDEX PCTFREE 10 INITRANS 2 MAXTRANS 255 COMPUTE STATISTICS 
  STORAGE(INITIAL 65536 NEXT 1048576 MINEXTENTS 1 MAXEXTENTS 2147483645
  PCTINCREASE 0 FREELISTS 1 FREELIST GROUPS 1
  BUFFER_POOL DEFAULT FLASH_CACHE DEFAULT CELL_FLASH_CACHE DEFAULT)
  TABLESPACE "USERS"  ENABLE;
--------------------------------------------------------
--  Constraints for Table SKILL_TB
--------------------------------------------------------

  ALTER TABLE "CATWORK"."SKILL_TB" MODIFY ("NAME" NOT NULL ENABLE);
  ALTER TABLE "CATWORK"."SKILL_TB" ADD PRIMARY KEY ("SKILL_IDX")
  USING INDEX PCTFREE 10 INITRANS 2 MAXTRANS 255 COMPUTE STATISTICS 
  STORAGE(INITIAL 65536 NEXT 1048576 MINEXTENTS 1 MAXEXTENTS 2147483645
  PCTINCREASE 0 FREELISTS 1 FREELIST GROUPS 1
  BUFFER_POOL DEFAULT FLASH_CACHE DEFAULT CELL_FLASH_CACHE DEFAULT)
  TABLESPACE "USERS"  ENABLE;
--------------------------------------------------------
--  Constraints for Table STATE_TB
--------------------------------------------------------

  ALTER TABLE "CATWORK"."STATE_TB" MODIFY ("RESUME_IDX" NOT NULL ENABLE);
  ALTER TABLE "CATWORK"."STATE_TB" MODIFY ("APPLY_IDX" NOT NULL ENABLE);
  ALTER TABLE "CATWORK"."STATE_TB" MODIFY ("SCORE" NOT NULL ENABLE);
  ALTER TABLE "CATWORK"."STATE_TB" MODIFY ("COMMENTS" NOT NULL ENABLE);
  ALTER TABLE "CATWORK"."STATE_TB" ADD PRIMARY KEY ("STATE_IDX")
  USING INDEX PCTFREE 10 INITRANS 2 MAXTRANS 255 COMPUTE STATISTICS 
  STORAGE(INITIAL 65536 NEXT 1048576 MINEXTENTS 1 MAXEXTENTS 2147483645
  PCTINCREASE 0 FREELISTS 1 FREELIST GROUPS 1
  BUFFER_POOL DEFAULT FLASH_CACHE DEFAULT CELL_FLASH_CACHE DEFAULT)
  TABLESPACE "USERS"  ENABLE;
--------------------------------------------------------
--  Constraints for Table USER_FAQ_TB
--------------------------------------------------------

  ALTER TABLE "CATWORK"."USER_FAQ_TB" MODIFY ("Q_IDX" NOT NULL ENABLE);
  ALTER TABLE "CATWORK"."USER_FAQ_TB" MODIFY ("TYPE" NOT NULL ENABLE);
  ALTER TABLE "CATWORK"."USER_FAQ_TB" MODIFY ("QUESTION" NOT NULL ENABLE);
  ALTER TABLE "CATWORK"."USER_FAQ_TB" MODIFY ("ANSWER" NOT NULL ENABLE);
  ALTER TABLE "CATWORK"."USER_FAQ_TB" ADD PRIMARY KEY ("Q_IDX")
  USING INDEX PCTFREE 10 INITRANS 2 MAXTRANS 255 
  STORAGE(INITIAL 65536 NEXT 1048576 MINEXTENTS 1 MAXEXTENTS 2147483645
  PCTINCREASE 0 FREELISTS 1 FREELIST GROUPS 1
  BUFFER_POOL DEFAULT FLASH_CACHE DEFAULT CELL_FLASH_CACHE DEFAULT)
  TABLESPACE "USERS"  ENABLE;
--------------------------------------------------------
--  Constraints for Table USER_TB
--------------------------------------------------------

  ALTER TABLE "CATWORK"."USER_TB" MODIFY ("ID" NOT NULL ENABLE);
  ALTER TABLE "CATWORK"."USER_TB" MODIFY ("PWD" NOT NULL ENABLE);
  ALTER TABLE "CATWORK"."USER_TB" MODIFY ("TYPE" NOT NULL ENABLE);
  ALTER TABLE "CATWORK"."USER_TB" ADD PRIMARY KEY ("USER_IDX")
  USING INDEX PCTFREE 10 INITRANS 2 MAXTRANS 255 COMPUTE STATISTICS 
  STORAGE(INITIAL 65536 NEXT 1048576 MINEXTENTS 1 MAXEXTENTS 2147483645
  PCTINCREASE 0 FREELISTS 1 FREELIST GROUPS 1
  BUFFER_POOL DEFAULT FLASH_CACHE DEFAULT CELL_FLASH_CACHE DEFAULT)
  TABLESPACE "USERS"  ENABLE;
  ALTER TABLE "CATWORK"."USER_TB" ADD UNIQUE ("ID")
  USING INDEX PCTFREE 10 INITRANS 2 MAXTRANS 255 COMPUTE STATISTICS 
  STORAGE(INITIAL 65536 NEXT 1048576 MINEXTENTS 1 MAXEXTENTS 2147483645
  PCTINCREASE 0 FREELISTS 1 FREELIST GROUPS 1
  BUFFER_POOL DEFAULT FLASH_CACHE DEFAULT CELL_FLASH_CACHE DEFAULT)
  TABLESPACE "USERS"  ENABLE;
--------------------------------------------------------
--  Ref Constraints for Table ADMIN_TB
--------------------------------------------------------

  ALTER TABLE "CATWORK"."ADMIN_TB" ADD CONSTRAINT "FK_ADMIN_USER" FOREIGN KEY ("USER_IDX")
	  REFERENCES "CATWORK"."USER_TB" ("USER_IDX") ON DELETE CASCADE ENABLE;
--------------------------------------------------------
--  Ref Constraints for Table APPLY_TB
--------------------------------------------------------

  ALTER TABLE "CATWORK"."APPLY_TB" ADD CONSTRAINT "FK_APPLY_RESUME" FOREIGN KEY ("RESUME_IDX")
	  REFERENCES "CATWORK"."RESUME_TB" ("RESUME_IDX") ON DELETE CASCADE ENABLE;
  ALTER TABLE "CATWORK"."APPLY_TB" ADD CONSTRAINT "FK_APPLY_POST" FOREIGN KEY ("POST_IDX")
	  REFERENCES "CATWORK"."POST_TB" ("POST_IDX") ON DELETE CASCADE ENABLE;
--------------------------------------------------------
--  Ref Constraints for Table BCOMMENT_TB
--------------------------------------------------------

  ALTER TABLE "CATWORK"."BCOMMENT_TB" ADD CONSTRAINT "FK_BCOMMENT_BOARD" FOREIGN KEY ("BOARD_IDX")
	  REFERENCES "CATWORK"."BOARD_TB" ("BOARD_IDX") ON DELETE CASCADE ENABLE;
--------------------------------------------------------
--  Ref Constraints for Table BOARD_TB
--------------------------------------------------------

  ALTER TABLE "CATWORK"."BOARD_TB" ADD CONSTRAINT "FK_BOARD_USER" FOREIGN KEY ("USER_IDX")
	  REFERENCES "CATWORK"."USER_TB" ("USER_IDX") ON DELETE CASCADE ENABLE;
--------------------------------------------------------
--  Ref Constraints for Table BOOKMARK_TB
--------------------------------------------------------

  ALTER TABLE "CATWORK"."BOOKMARK_TB" ADD CONSTRAINT "FK_BOOKMARK_POST" FOREIGN KEY ("POST_IDX")
	  REFERENCES "CATWORK"."POST_TB" ("POST_IDX") ON DELETE CASCADE ENABLE;
--------------------------------------------------------
--  Ref Constraints for Table CBOARD_TB
--------------------------------------------------------

  ALTER TABLE "CATWORK"."CBOARD_TB" ADD CONSTRAINT "FK_CBOARD_USER" FOREIGN KEY ("USER_IDX")
	  REFERENCES "CATWORK"."USER_TB" ("USER_IDX") ON DELETE CASCADE ENABLE;
--------------------------------------------------------
--  Ref Constraints for Table CCOMMENT_TB
--------------------------------------------------------

  ALTER TABLE "CATWORK"."CCOMMENT_TB" ADD CONSTRAINT "FK_CCOMMENT_CBOARD" FOREIGN KEY ("CBOARD_IDX")
	  REFERENCES "CATWORK"."CBOARD_TB" ("CBOARD_IDX") ON DELETE CASCADE ENABLE;
--------------------------------------------------------
--  Ref Constraints for Table COMPANY_TB
--------------------------------------------------------

  ALTER TABLE "CATWORK"."COMPANY_TB" ADD CONSTRAINT "FK_COMPANY_USER" FOREIGN KEY ("USER_IDX")
	  REFERENCES "CATWORK"."USER_TB" ("USER_IDX") ON DELETE CASCADE ENABLE;
--------------------------------------------------------
--  Ref Constraints for Table HBOARD_TB
--------------------------------------------------------

  ALTER TABLE "CATWORK"."HBOARD_TB" ADD CONSTRAINT "FK_HBOARD_USER" FOREIGN KEY ("USER_IDX")
	  REFERENCES "CATWORK"."USER_TB" ("USER_IDX") ON DELETE CASCADE ENABLE;
--------------------------------------------------------
--  Ref Constraints for Table HCOMMENT_TB
--------------------------------------------------------

  ALTER TABLE "CATWORK"."HCOMMENT_TB" ADD CONSTRAINT "FK_HCOMMENT_HBOARD" FOREIGN KEY ("HBOARD_IDX")
	  REFERENCES "CATWORK"."HBOARD_TB" ("HBOARD_IDX") ON DELETE CASCADE ENABLE;
--------------------------------------------------------
--  Ref Constraints for Table PERSON_TB
--------------------------------------------------------

  ALTER TABLE "CATWORK"."PERSON_TB" ADD CONSTRAINT "FK_PERSON_USER" FOREIGN KEY ("USER_IDX")
	  REFERENCES "CATWORK"."USER_TB" ("USER_IDX") ON DELETE CASCADE ENABLE;
--------------------------------------------------------
--  Ref Constraints for Table POST_SKILL_TB
--------------------------------------------------------

  ALTER TABLE "CATWORK"."POST_SKILL_TB" ADD CONSTRAINT "FK_POST_SKILL_POST" FOREIGN KEY ("POST_IDX")
	  REFERENCES "CATWORK"."POST_TB" ("POST_IDX") ON DELETE CASCADE ENABLE;
  ALTER TABLE "CATWORK"."POST_SKILL_TB" ADD CONSTRAINT "FK_POST_SKILL_SKILL" FOREIGN KEY ("SKILL_IDX")
	  REFERENCES "CATWORK"."SKILL_TB" ("SKILL_IDX") ON DELETE CASCADE ENABLE;
--------------------------------------------------------
--  Ref Constraints for Table POST_TB
--------------------------------------------------------

  ALTER TABLE "CATWORK"."POST_TB" ADD CONSTRAINT "FK_POST_USER" FOREIGN KEY ("USER_IDX")
	  REFERENCES "CATWORK"."USER_TB" ("USER_IDX") ON DELETE CASCADE ENABLE;
--------------------------------------------------------
--  Ref Constraints for Table RATE_TB
--------------------------------------------------------

  ALTER TABLE "CATWORK"."RATE_TB" ADD CONSTRAINT "PER_FK" FOREIGN KEY ("PER_IDX")
	  REFERENCES "CATWORK"."PERSON_TB" ("PER_IDX") ON DELETE CASCADE ENABLE;
  ALTER TABLE "CATWORK"."RATE_TB" ADD CONSTRAINT "COM_FK" FOREIGN KEY ("COM_IDX")
	  REFERENCES "CATWORK"."COMPANY_TB" ("COM_IDX") ON DELETE CASCADE ENABLE;
--------------------------------------------------------
--  Ref Constraints for Table RESUME_SKILL_TB
--------------------------------------------------------

  ALTER TABLE "CATWORK"."RESUME_SKILL_TB" ADD CONSTRAINT "FK_RESUME_SKILL_RESUME" FOREIGN KEY ("RESUME_IDX")
	  REFERENCES "CATWORK"."RESUME_TB" ("RESUME_IDX") ON DELETE CASCADE ENABLE;
  ALTER TABLE "CATWORK"."RESUME_SKILL_TB" ADD CONSTRAINT "FK_RESUME_SKILL_SKILL" FOREIGN KEY ("SKILL_IDX")
	  REFERENCES "CATWORK"."SKILL_TB" ("SKILL_IDX") ON DELETE CASCADE ENABLE;
--------------------------------------------------------
--  Ref Constraints for Table RESUME_TB
--------------------------------------------------------

  ALTER TABLE "CATWORK"."RESUME_TB" ADD CONSTRAINT "FK_RESUME_USER" FOREIGN KEY ("USER_IDX")
	  REFERENCES "CATWORK"."USER_TB" ("USER_IDX") ON DELETE CASCADE ENABLE;
--------------------------------------------------------
--  Ref Constraints for Table STATE_TB
--------------------------------------------------------

  ALTER TABLE "CATWORK"."STATE_TB" ADD CONSTRAINT "FK_STATE_RESUME" FOREIGN KEY ("RESUME_IDX")
	  REFERENCES "CATWORK"."RESUME_TB" ("RESUME_IDX") ON DELETE CASCADE ENABLE;
  ALTER TABLE "CATWORK"."STATE_TB" ADD CONSTRAINT "FK_STATE_APPLY" FOREIGN KEY ("APPLY_IDX")
	  REFERENCES "CATWORK"."APPLY_TB" ("APPLY_IDX") ON DELETE CASCADE ENABLE;
  ALTER TABLE "CATWORK"."STATE_TB" ADD CONSTRAINT "FK_USER_IDX" FOREIGN KEY ("USER_IDX")
	  REFERENCES "CATWORK"."USER_TB" ("USER_IDX") ON DELETE CASCADE ENABLE;
